def	kind	grant	dependency	owner
AdministeredDrug_Horrible	memory	other unreferenced	other	
AdministeredDrug_Know_Horrible	memory	other unreferenced	other	
AdministeredHardDrug_Horrible	memory	other unreferenced	other	
AdministeredHardDrug_Know_Horrible	memory	other unreferenced	other	
AdministeredRecreationalDrug_Horrible	memory	other unreferenced	other	
AdministeredRecreationalDrug_Know_Horrible	memory	other unreferenced	other	
Affair	situational	ThoughtWorker_Affair	other	
AgeReversalDemanded	situational	ThoughtWorker_AgeReversalDemanded	other	
AgeReversalReceived	memory	other+ritual CompBiosculpterPod.CycleCompleted,xml:Ideology/Defs/ThingDefs_Buildings/Buildings_Ideo.xml	other	
AlcoholWithdrawal	situational	ThoughtWorker_Hediff	hediff;hediff:AlcoholAddiction	
AmbrosiaHigh	situational	ThoughtWorker_Hediff	hediff;hediff:AmbrosiaHigh	
AmbrosiaWithdrawal	situational	ThoughtWorker_Hediff	hediff;hediff:AmbrosiaAddiction	
AnestheticHigh	situational	ThoughtWorker_Hediff	hediff;hediff:Anesthetic	
AnimaScream	memory	other xml:Royalty/Defs/ThingDefs_Plants/Plants_Wild.xml	other	
AnnoyingVoice	situational	ThoughtWorker_AnnoyingVoice	other	
AnyBodyPartButGroinCovered_Disapproved_Female	situational	ThoughtWorker_Precept_AnyBodyPartButGroinCovered	apparel;temperature	
AnyBodyPartButGroinCovered_Disapproved_Male	situational	ThoughtWorker_Precept_AnyBodyPartButGroinCovered	apparel;temperature	
AnyBodyPartButGroinCovered_Disapproved_Memory	memory	other unreferenced	other	
AnyBodyPartButGroinCovered_Disapproved_Social_Female	situational	ThoughtWorker_Precept_AnyBodyPartButGroinCovered_Social	other	
AnyBodyPartButGroinCovered_Disapproved_Social_Male	situational	ThoughtWorker_Precept_AnyBodyPartButGroinCovered_Social	other	
AnyBodyPartCovered_Disapproved_Female	situational	ThoughtWorker_Precept_AnyBodyPartCovered	apparel;temperature	
AnyBodyPartCovered_Disapproved_Male	situational	ThoughtWorker_Precept_AnyBodyPartCovered	apparel;temperature	
AnyBodyPartCovered_Disapproved_Memory	memory	other unreferenced	other	
AnyBodyPartCovered_Disapproved_Social_Female	situational	ThoughtWorker_Precept_AnyBodyPartCovered_Social	other	
AnyBodyPartCovered_Disapproved_Social_Male	situational	ThoughtWorker_Precept_AnyBodyPartCovered_Social	other	
ApparelDamaged	situational	ThoughtWorker_ApparelDamaged	apparel	MaintainEquipment
ArtifactMoodBoost	memory	other CompTargetEffect_MoodBoost.DoEffectOn	other	
Ascetic	situational	ThoughtWorker_Ascetic	room;room_stat:Impressiveness	
AteBabyFood	memory	ingest xml:Biotech/Defs/ThingDefs_Items/Items_Food.xml	other	
AteCorpse	memory	other ThingDefGenerator_Corpses.GenerateCorpseDef	other	
AteFineMeal	memory	ingest xml:Core/Defs/ThingDefs_Items/Items_Food.xml	other	
AteFoodInappropriateForTitle	memory	ingest FoodUtility.ThoughtsFromIngesting	other	
AteFungusAsIngredient_Despised	memory	other unreferenced	other	
AteFungusAsIngredient_Preferred	memory	other unreferenced	other	
AteFungus_Despised	memory	other unreferenced	other	
AteFungus_Preferred	memory	other unreferenced	other	
AteHumanMeat_Abhorrent	memory	other unreferenced	other	
AteHumanMeat_Disapproved	memory	other unreferenced	other	
AteHumanMeat_Horrible	memory	other unreferenced	other	
AteHumanMeat_Know_Abhorrent	memory	other unreferenced	other	
AteHumanMeat_Know_Disapproved	memory	other unreferenced	other	
AteHumanMeat_Know_Horrible	memory	other unreferenced	other	
AteHumanMeat_Preferred	memory	other unreferenced	other	
AteHumanMeat_RequiredRavenous	memory	other unreferenced	other	
AteHumanMeat_RequiredStrong	memory	other unreferenced	other	
AteHumanlikeMeatAsIngredient	memory	other+ritual xml:Core/Defs/PreceptDefs/Precepts_Cannibalism.xml,xml:Core/Defs/TraitDefs/Traits_Singular.xml	other	
AteHumanlikeMeatAsIngredientCannibal	memory	other xml:Core/Defs/TraitDefs/Traits_Singular.xml	other	
AteHumanlikeMeatDirect	memory	other+ritual xml:Core/Defs/PreceptDefs/Precepts_Cannibalism.xml,xml:Core/Defs/TraitDefs/Traits_Singular.xml	other	
AteHumanlikeMeatDirectCannibal	memory	other xml:Core/Defs/TraitDefs/Traits_Singular.xml	other	
AteInImpressiveDiningRoom	memory	ingest Toils_Ingest.FinalizeIngest	need:food;room;room_stat:Impressiveness	
AteInsectMeatAsIngredient	memory	ritual xml:Core/Defs/PreceptDefs/Precepts_InsectMeat.xml	other	
AteInsectMeatAsIngredient_Loved	memory	other unreferenced	other	
AteInsectMeatDirect	memory	ritual xml:Core/Defs/PreceptDefs/Precepts_InsectMeat.xml	other	
AteInsectMeat_Loved	memory	other unreferenced	other	
AteKibble	memory	ingest xml:Core/Defs/ThingDefs_Items/Items_Food.xml	other	
AteLavishMeal	memory	ingest xml:Core/Defs/ThingDefs_Items/Items_Food.xml	other	
AteMeat_Abhorrent	memory	other unreferenced	other	
AteMeat_Disapproved	memory	other unreferenced	other	
AteMeat_Horrible	memory	other unreferenced	other	
AteMeat_Know_Abhorrent	memory	other unreferenced	other	
AteMeat_Know_Disapproved	memory	other unreferenced	other	
AteMeat_Know_Horrible	memory	other unreferenced	other	
AteNonCannibalFood_Abhorrent	memory	other unreferenced	other	
AteNonCannibalFood_Horrible	memory	other unreferenced	other	
AteNonCannibalFood_Know_Abhorrent	memory	other unreferenced	other	
AteNonCannibalFood_Know_Horrible	memory	other unreferenced	other	
AteNonFungusMealWithPlants_Despised	memory	other unreferenced	other	
AteNonFungusPlant_Despised	memory	other unreferenced	other	
AteNonMeat_Abhorrent	memory	other unreferenced	other	
AteNonMeat_Disapproved	memory	other unreferenced	other	
AteNonMeat_Horrible	memory	other unreferenced	other	
AteNonMeat_Know_Abhorrent	memory	other unreferenced	other	
AteNonMeat_Know_Disapproved	memory	other unreferenced	other	
AteNonMeat_Know_Horrible	memory	other unreferenced	other	
AteNutrientPasteMeal	memory	other unreferenced	other	
AteRawFood	memory	other ThingDefGenerator_Meat.ImpliedMeatDefs,xml:Core/Defs/ThingDefs_Items/Items_Resource_AnimalProduct.xml,xml:Core/Defs/ThingDefs_Items/Items_Resource_RawPlant.xml,xml:Core/Defs/TraitDefs/Traits_Singular.xml,xml:Odyssey/Defs/ThingDefs_Items/Items_Resource_Fish.xml	other	EnsureCooking
AteRawHumanlikeMeat	memory	ritual xml:Core/Defs/PreceptDefs/Precepts_Cannibalism.xml	other	
AteRottenFood	memory	ingest FoodUtility.ThoughtsFromIngesting	other	
AteTwistedMeat	memory	other xml:Anomaly/Defs/ThingDefs_Items/Items_Various.xml	other	
AteVeneratedAnimalMeat	memory	other unreferenced	other	
AteWithoutTable	memory	ingest Toils_Ingest.FinalizeIngest	need:food;room;room_stat:Impressiveness	EnsureComfort
AttendedConcert	memory	other LordJob_Joinable_Concert	other	
AttendedParty	memory	ritual LordJob_Joinable_Party	other	
AttendedWedding	memory	social LordJob_Joinable_MarriageCeremony.WeddingSucceeded	other	
Aurora	situational	ThoughtWorker_Aurora	other	
AwkwardExecution	memory	ritual xml:Ideology/Defs/Rituals/Ritual_Outcomes.xml	other	
BabyBorn	memory	ritual PregnancyUtility.ApplyBirthOutcome	hediff;hediff:InfantIllness;hediff:Lactating;hediff:PostpartumExhaustion;hediff:Stillborn	
BabyCriedSocial	memory	other MentalState_BabyCry.AuraEffect	other	
BabyGiggledSocial	memory	other MentalState_BabyGiggle.AuraEffect	other	
BabySick	situational	ThoughtWorker_BabySick	hediff;hediff:InfantIllness	MaintainMedicalReserves
BeautifulSkyLanterns	memory	ritual xml:Ideology/Defs/Rituals/Ritual_Outcomes.xml	other	
BecameGhoul	memory	other xml:Anomaly/Defs/Misc/Mutants.xml	other	
BioSculpterDespised	memory	other unreferenced	other	
BioferriteGenerator	situational	ThoughtWorker_BioferriteGenerator	other	
BioluminescentSpores	situational	ThoughtWorker_GameCondition	other	
BiosculpterPleasure	memory	other CompBiosculpterPod_PleasureCycle.CycleCompleted	other	
BlindingCeremony_Know_Horrible	memory	other unreferenced	other	
BlindingCeremony_Self_Elevated	memory	other unreferenced	other	
BlindingCeremony_Self_Respected	memory	other unreferenced	other	
BlindingCeremony_Self_Sublime	memory	other unreferenced	other	
Blindness_ArtificialBlind	situational	ThoughtWorker_Precept_ArtificialBlind	other	
Blindness_Elevated_Blind	situational	ThoughtWorker_Precept_Blind	other	
Blindness_Elevated_Blind_Social	situational	ThoughtWorker_Precept_Blind_Social	other	
Blindness_Elevated_HalfBlind	situational	ThoughtWorker_Precept_HalfBlind	other	
Blindness_Elevated_HalfBlind_Social	situational	ThoughtWorker_Precept_HalfBlind_Social	other	
Blindness_Elevated_NonBlind	situational	ThoughtWorker_Precept_NonBlind	other	
Blindness_Elevated_NonBlind_Social	situational	ThoughtWorker_Precept_NonBlind_Social	other	
Blindness_Respected_Blind	situational	ThoughtWorker_Precept_Blind	other	
Blindness_Respected_Blind_Social	situational	ThoughtWorker_Precept_Blind_Social	other	
Blindness_Respected_NonBlind_Social	situational	ThoughtWorker_Precept_NonBlind_Social	other	
Blindness_Sublime_Blind	situational	ThoughtWorker_Precept_Blind	other	
Blindness_Sublime_Blind_Social	situational	ThoughtWorker_Precept_Blind_Social	other	
Blindness_Sublime_HalfBlind	situational	ThoughtWorker_Precept_HalfBlind	other	
Blindness_Sublime_HalfBlind_Social	situational	ThoughtWorker_Precept_HalfBlind_Social	other	
Blindness_Sublime_NonBlind	situational	ThoughtWorker_Precept_NonBlind	other	
Blindness_Sublime_NonBlind_Social	situational	ThoughtWorker_Precept_NonBlind_Social	other	
BlissLobotomy	memory	other xml:Anomaly/Defs/EntityCodexEntryDefs/EntityCodexEntryDefs.xml,xml:Anomaly/Defs/HediffDefs/Hediffs_Global_Misc.xml,xml:Anomaly/Defs/PawnKinds/PawnKinds_Horaxian.xml,xml:Anomaly/Defs/RecipeDefs/Recipes_Surgery_Misc.xml,xml:Core/Defs/ThingDefs_Races/Races_Humanlike.xml	other	
BloodRage	situational	ThoughtWorker_Hediff	hediff;hediff:BloodRage	
BloodTorch	situational	ThoughtWorker_BloodTorch	room	
BloodfeederColonist_Revered	situational	ThoughtWorker_Precept_BloodfeederColonist	other	
BloodfeederColonist_Reviled	situational	ThoughtWorker_Precept_BloodfeederPresent	other	
BloodfeederDied_Revered	memory	other unreferenced	other	
BloodfeederDied_Reviled	memory	other unreferenced	other	
Bloodfeeder_ReveredBloodfeeder	situational	ThoughtWorker_Precept_IsBloodfeeder	other	
Bloodfeeder_ReviledBloodfeeder	situational	ThoughtWorker_Precept_IsBloodfeeder	other	
Bloodfeeders_Revered_Opinion_Bloodfeeder	situational	ThoughtWorker_Precept_Bloodfeeder_Social	other	
Bloodfeeders_Reviled_Opinion_Bloodfeeder	situational	ThoughtWorker_Precept_Bloodfeeder_Social	other	
BlowingSand	memory	other xml:Odyssey/Defs/WeatherDefs/Weathers.xml	other	
BodyPuristDisgust	situational	ThoughtWorker_BodyPuristDisgust	other	
BondedAnimalBanished	memory	social PawnDiedOrDownedThoughtsUtility.AppendThoughts_Relations	other	
BondedAnimalDied	memory	social xml:Core/Defs/PawnRelationDefs/PawnRelations_Misc.xml	other	
BondedAnimalLost	memory	social xml:Core/Defs/PawnRelationDefs/PawnRelations_Misc.xml	other	
BondedAnimalMaster	situational	ThoughtWorker_BondedAnimalMaster	other	
BondedAnimalReleased	memory	social PawnDiedOrDownedThoughtsUtility.AppendThoughts_Relations	other	
BondedThoughtCalm	situational	ThoughtWorker_WeaponTraitBonded	other	
BondedThoughtKind	situational	ThoughtWorker_WeaponTraitBonded	other	
BondedThoughtMuttering	situational	ThoughtWorker_WeaponTraitBonded	other	
BondedThoughtWailing	situational	ThoughtWorker_WeaponTraitBonded	other	
BoringBlinding	memory	ritual xml:Ideology/Defs/Rituals/Ritual_Outcomes.xml	other	
BoringDuel	memory	ritual xml:Ideology/Defs/Rituals/Ritual_Outcomes.xml	other	
BoringFestival	memory	ritual xml:Ideology/Defs/Rituals/Ritual_Outcomes.xml	other	
BoringParty	memory	ritual xml:Ideology/Defs/Rituals/Ritual_Outcomes.xml	other	
BoringSacrifice	memory	ritual xml:Ideology/Defs/Rituals/Ritual_Outcomes.xml	other	
BoringScarification	memory	ritual xml:Ideology/Defs/Rituals/Ritual_Outcomes.xml	other	
BotchedMySurgery	memory	ritual SurgeryOutcome_Failure.TryGainBotchedSurgeryThought	other	
BrawlerUnhappy	situational	ThoughtWorker_IsCarryingRangedWeapon	other	
BreastfedBaby	memory	other JobDriver_Breastfeed.Breastfeed,Pawn_MindState.BreastfeedCaravan	need:food	
BreastfedMe	memory	other JobDriver_Breastfeed.Breastfeed,Pawn_MindState.BreastfeedCaravan	need:food	
BrokeUpWithMe	memory	social InteractionWorker_Breakup.Interacted,InteractionWorker_RomanceAttempt.RemoveBrokeUpAndFailedRomanceThoughts	other	
BrokeUpWithMeMood	memory	other unreferenced	other	
ButcheredHuman_Abhorrent	memory	other unreferenced	other	
ButcheredHuman_Disapproved	memory	other unreferenced	other	
ButcheredHuman_Horrible	memory	other unreferenced	other	
ButcheredHuman_Know_Abhorrent	memory	other unreferenced	other	
ButcheredHuman_Know_Abhorrent_Opinion	memory	other unreferenced	other	
ButcheredHuman_Know_Disapproved	memory	other unreferenced	other	
ButcheredHuman_Know_Disapproved_Opinion	memory	other unreferenced	other	
ButcheredHuman_Know_Horrible	memory	other unreferenced	other	
ButcheredHuman_Know_Horrible_Opinion	memory	other unreferenced	other	
ButcheredHumanlikeCorpse	memory	ritual xml:Core/Defs/PreceptDefs/Precepts_Cannibalism.xml	other	
ButcheredHumanlikeCorpseOpinion	memory	ritual xml:Core/Defs/PreceptDefs/Precepts_Cannibalism.xml	other	
Catharsis	memory	other+ritual MentalBreakWorker_RunWild.TryStart,xml:Core/Defs/HediffDefs/Hediffs_Global_Misc.xml,xml:Core/Defs/MentalStateDefs/MentalStates_Mood.xml,xml:Ideology/Defs/MentalStateDefs/MentalStates_Mood.xml	other	
ChangedIdeo_Know_Abhorrent	memory	other unreferenced	other	
ChangedIdeo_Know_Disapproved	memory	other unreferenced	other	
ChangedIdeo_Know_Horrible	memory	other unreferenced	other	
CharityFulfilled_Essential_Beggars	memory	other unreferenced	other	
CharityFulfilled_Essential_HospitalityRefugees	memory	other unreferenced	other	
CharityFulfilled_Essential_IntroWimp	memory	other unreferenced	other	
CharityFulfilled_Essential_RefugeePodCrash	memory	other unreferenced	other	
CharityFulfilled_Essential_ShuttleCrashRescue	memory	other unreferenced	other	
CharityFulfilled_Essential_ThreatReward_Joiner	memory	other unreferenced	other	
CharityFulfilled_Essential_WandererJoins	memory	other unreferenced	other	
CharityFulfilled_Important_Beggars	memory	other unreferenced	other	
CharityFulfilled_Important_HospitalityRefugees	memory	other unreferenced	other	
CharityFulfilled_Important_IntroWimp	memory	other unreferenced	other	
CharityFulfilled_Important_RefugeePodCrash	memory	other unreferenced	other	
CharityFulfilled_Important_ShuttleCrashRescue	memory	other unreferenced	other	
CharityFulfilled_Important_ThreatReward_Joiner	memory	other unreferenced	other	
CharityFulfilled_Important_WandererJoins	memory	other unreferenced	other	
CharityFulfilled_Worthwhile_Beggars	memory	other unreferenced	other	
CharityFulfilled_Worthwhile_HospitalityRefugees	memory	other unreferenced	other	
CharityFulfilled_Worthwhile_IntroWimp	memory	other unreferenced	other	
CharityFulfilled_Worthwhile_RefugeePodCrash	memory	other unreferenced	other	
CharityFulfilled_Worthwhile_ShuttleCrashRescue	memory	other unreferenced	other	
CharityFulfilled_Worthwhile_ThreatReward_Joiner	memory	other unreferenced	other	
CharityFulfilled_Worthwhile_WandererJoins	memory	other unreferenced	other	
CharityRefused_Essential_Beggars	memory	other unreferenced	other	
CharityRefused_Essential_Beggars_Betrayed	memory	other unreferenced	other	
CharityRefused_Essential_HospitalityRefugees	memory	other unreferenced	other	
CharityRefused_Essential_IntroWimp	memory	other unreferenced	other	
CharityRefused_Essential_Pilgrims	memory	other unreferenced	other	
CharityRefused_Essential_Pilgrims_Betrayed	memory	other unreferenced	other	
CharityRefused_Essential_RefugeePodCrash	memory	other unreferenced	other	
CharityRefused_Essential_ShuttleCrashRescue	memory	other unreferenced	other	
CharityRefused_Essential_ThreatReward_Joiner	memory	other unreferenced	other	
CharityRefused_Essential_WandererJoins	memory	other unreferenced	other	
CharityRefused_Important_Beggars	memory	other unreferenced	other	
CharityRefused_Important_Beggars_Betrayed	memory	other unreferenced	other	
CharityRefused_Important_HospitalityRefugees	memory	other unreferenced	other	
CharityRefused_Important_IntroWimp	memory	other unreferenced	other	
CharityRefused_Important_Pilgrims	memory	other unreferenced	other	
CharityRefused_Important_Pilgrims_Betrayed	memory	other unreferenced	other	
CharityRefused_Important_RefugeePodCrash	memory	other unreferenced	other	
CharityRefused_Important_ShuttleCrashRescue	memory	other unreferenced	other	
CharityRefused_Important_ThreatReward_Joiner	memory	other unreferenced	other	
CharityRefused_Important_WandererJoins	memory	other unreferenced	other	
CharityRefused_Worthwhile_Beggars	memory	other unreferenced	other	
CharityRefused_Worthwhile_Beggars_Betrayed	memory	other unreferenced	other	
CharityRefused_Worthwhile_HospitalityRefugees	memory	other unreferenced	other	
CharityRefused_Worthwhile_IntroWimp	memory	other unreferenced	other	
CharityRefused_Worthwhile_Pilgrims	memory	other unreferenced	other	
CharityRefused_Worthwhile_Pilgrims_Betrayed	memory	other unreferenced	other	
CharityRefused_Worthwhile_RefugeePodCrash	memory	other unreferenced	other	
CharityRefused_Worthwhile_ShuttleCrashRescue	memory	other unreferenced	other	
CharityRefused_Worthwhile_ThreatReward_Joiner	memory	other unreferenced	other	
CharityRefused_Worthwhile_WandererJoins	memory	other unreferenced	other	
CheatedOnMe	memory	social InteractionWorker_RomanceAttempt.TryAddCheaterThought	other	
CheatedOnMeMood	memory	other unreferenced	other	
ChemicalInterestVsTeetotaler	situational	ThoughtWorker_ChemicalInterestVsTeetotaler	other	
ChildInGrowthVat	situational	ThoughtWorker_ChildInGrowthVat	other	
ChildLabor_Encouraged_ChildAssignedRecreation	situational	ThoughtWorker_Precept_ChildLabor_ChildAssignedRecreation	other	
ChildLabor_Encouraged_ChildAssignedWork	situational	ThoughtWorker_Precept_ChildLabor_ChildAssignedWork	other	
ChildlikePositivity	situational	ThoughtWorker_ChildlikePositivity	other	
Chimera	memory	other CompChimera.GiveObservedThought,xml:Anomaly/Defs/EntityCodexEntryDefs/EntityCodexEntryDefs.xml,xml:Anomaly/Defs/PawnKinds/PawnKinds_Entities.xml,xml:Anomaly/Defs/RulePackDefs/Books/RulePacks_Namers_Books.xml,xml:Anomaly/Defs/ThingDefs_Races/Races_Entities_Misc.xml	other	
Chitchat	memory	social xml:Core/Defs/InteractionDefs/Interactions_Social.xml	other	
ClosedTheVoid	memory	other VoidAwakeningUtility.DisruptTheLink	other	
ClosedTheVoidOpinion	memory	other VoidAwakeningUtility.DisruptTheLink	other	
ClothedNudist	situational	ThoughtWorker_NudistNude	apparel	
ColonistBanished	memory	other PawnDiedOrDownedThoughtsUtility.AppendThoughts_ForHumanlike	other	
ColonistBanishedToDie	memory	other PawnDiedOrDownedThoughtsUtility.AppendThoughts_ForHumanlike	other	
ColonistLeftUnburied	situational	ThoughtWorker_ColonistLeftUnburied	other	
ColonistLost	memory	other PawnDiedOrDownedThoughtsUtility.AppendThoughts_ForHumanlike,PawnDiedOrDownedThoughtsUtility.RemoveLostThoughts	other	
ColonyPrisonerEscaped	memory	other GuestUtility.Notify_PrisonerEscaped	other	
ConnectedTreeDied	memory	other+ritual Pawn_ConnectionsTracker.Notify_ConnectedThingDestroyed,RitualRoleColonistConnectable.AppliesToPawn	other	
CounselFailed	memory	ritual xml:Ideology/Defs/AbilityDefs/Abilities.xml	other	
Counselled	memory	other CompAbilityEffect_Counsel.Apply,CompAbilityEffect_Counsel.Valid	other	
Counselled_MoodBoost	memory	other CompAbilityEffect_Counsel.Apply	other	
CrashedTogether	memory	other ScenPart_PlayerPawnsArriveMethod.PostMapGenerate	other	
CreepyBreathing	situational	ThoughtWorker_CreepyBreathing	other	
CribQuality	situational	ThoughtWorker_CribQuality	other	
CryingBaby	memory	other MentalState_BabyCry.AuraEffect	other	
CubeSculptures	situational	ThoughtWorker_CubeSculptures	hediff;hediff:CubeInterest	
CubeWithdrawl	situational	ThoughtWorker_Hediff	hediff;hediff:CubeWithdrawal	
CutTree_Disapproved	memory	other unreferenced	other	
CutTree_Horrible	memory	other unreferenced	other	
CutTree_Know_Disapproved	memory	other unreferenced	other	
CutTree_Know_Disapproved_Mood	memory	other unreferenced	other	
CutTree_Know_Horrible	memory	other unreferenced	other	
CutTree_Know_Horrible_Mood	memory	other unreferenced	other	
CutTree_Know_Prohibited	memory	other unreferenced	other	
CutTree_Know_Prohibited_Mood	memory	other unreferenced	other	
Darklight_Preferred_BlindingLight	situational	ThoughtWorker_Precept_OutdoorBlindingLight	light	
Darklight_Preferred_Darklight	situational	ThoughtWorker_Precept_Darklight	other	
Darklight_Preferred_IndoorLight	situational	ThoughtWorker_Precept_IndoorLight	light	
DarknessLifted	memory	other QuestNode_Root_UnnaturalDarkness.RunInt	other	
DeadMansApparel	situational	ThoughtWorker_DeadMansApparel	apparel	MaintainEquipment
DeadlifeDust	situational	ThoughtWorker_DeadlifeDust	other	
DeathPall	memory	other xml:Anomaly/Defs/EntityCodexEntryDefs/EntityCodexEntryDefs.xml,xml:Anomaly/Defs/Storyteller/Incidents_Map_Misc.xml,xml:Anomaly/Defs/WeatherDefs/Weathers.xml	other	
DeathRefusalSickness	situational	ThoughtWorker_Hediff	hediff;hediff:DeathRefusalSickness	
DeathrestChamber	situational	ThoughtWorker_DeathrestChamber	other	
DeathrestExhaustion	situational	ThoughtWorker_DeathrestExhaustion	other	
DebugBad	memory	other DebugToolsPawns.GiveBadThought	other	
DebugGood	memory	other DebugToolsPawns.GiveGoodThought,QuestPart_AddMemoryThought.AssignDebugData,QuestPart_RemoveMemoryThought.AssignDebugData	other	
DecreeFailed	memory	other xml:Royalty/Defs/QuestScriptDefs/Decree/Scripts_Decree.xml	other	
DecreeMet	memory	other QuestPart_AddMemoryThought.AssignDebugData,QuestPart_RemoveMemoryThought.AssignDebugData,xml:Royalty/Defs/QuestScriptDefs/Decree/Scripts_Decree.xml,xml:Royalty/Defs/QuestScriptDefs/Decree/Scripts_Decree_Utility.xml	other	
DecreeUnmet	situational	ThoughtWorker_QuestPart	other	
DeepTalk	memory	social xml:Core/Defs/InteractionDefs/Interactions_Social.xml	other	
DefeatedHostileFactionLeader	memory	other PawnDiedOrDownedThoughtsUtility.AppendThoughts_ForHumanlike	other	
DefeatedHostileFactionLeaderOpinion	situational	ThoughtWorker_Tale	other	
DefeatedInsectHive	memory	other Hive.DeSpawn	other	
DefeatedMechCluster	memory	other LordJob_MechanoidDefendBase.OnDefeat	other	
DeniedJoining	memory	other PawnDiedOrDownedThoughtsUtility.AppendThoughts_ForHumanlike	other	
DestroyedCubeSculpture	memory	other Hediff_CubeInterest.UpdateSculptures	hediff;hediff:CubeRage	
DestroyedMechhive	memory	other CompCerebrexCore.DeactivateCore	apparel	
DestroyedMechhiveMainPawn	memory	other CompCerebrexCore.DeactivateCore	apparel	
Disfigured	situational	ThoughtWorker_Disfigured	other	
Disinherited	memory	other xml:Royalty/Defs/QuestScriptDefs/Script_ChangeRoyalHeir.xml	other	
DivorcedMe	memory	social MarriageCeremonyUtility.Married,SpouseRelationUtility.RemoveGotMarriedThoughts	other	
DivorcedMeMood	memory	other unreferenced	other	
DoingPassionateWork	situational	ThoughtWorker_PassionateWork	other	
DrainedMySkills	memory	ritual PsychicRitualToil_Philophagy.ApplyOutcome	hediff;hediff:DarkPsychicShock	
DrugDesireFascination	situational	ThoughtWorker_DrugDesireUnsatisfied	need:drugsdesire	
DrugDesireFascinationSatisfied	situational	ThoughtWorker_DrugDesireSatisfied	need:drugsdesire	
DrugDesireInterest	situational	ThoughtWorker_DrugDesireUnsatisfied	need:drugsdesire	
DrugDesireInterestSatisfied	situational	ThoughtWorker_DrugDesireSatisfied	need:drugsdesire	
Drunk	situational	ThoughtWorker_Drunk	hediff;hediff:AlcoholHigh	
DryadDied	memory	other CompTreeConnection.Notify_PawnDied	other	
Eclipse_Beautiful	situational	ThoughtWorker_Precept_Eclipse	room	
EffectiveConversion	memory	ritual xml:Ideology/Defs/Rituals/Ritual_Outcomes.xml	other	
EmbracedTheVoid	memory	other VoidAwakeningUtility.EmbraceTheVoid	hediff;hediff:DeathRefusal;hediff:Inhumanized;hediff:VoidTouched	
EncouragingSpeech	memory	ritual RitualOutcomeEffectWorker_Speech.PositiveOutcome,xml:Core/Defs/Rituals/Ritual_Outcomes.xml	other	
EnslavedChild	situational	ThoughtWorker_MyChildEnslaved	other	
EnslavedPrisoner_Disapproved	memory	other unreferenced	other	
EnslavedPrisoner_Honorable	memory	other unreferenced	other	
EnslavedPrisoner_Horrible	memory	other unreferenced	other	
EnslavedPrisoner_Know_Abhorrent	memory	other unreferenced	other	
EnslavedPrisoner_Know_Disapproved	memory	other unreferenced	other	
EnslavedPrisoner_Know_Disapproved_Mood	memory	other unreferenced	other	
EnslavedPrisoner_Know_Honorable	memory	other unreferenced	other	
EnslavedPrisoner_Know_Honorable_Mood	memory	other unreferenced	other	
EnslavedPrisoner_Know_Horrible	memory	other unreferenced	other	
EnslavedPrisoner_Know_Horrible_Mood	memory	other unreferenced	other	
EntityInRoom	situational	ThoughtWorker_EntityInRoom	other	
EnvironmentCold	situational	ThoughtWorker_Cold	temperature	EnsureTemperatureSafety
EnvironmentDark	situational	ThoughtWorker_Dark	light	MaintainLighting
EnvironmentHot	situational	ThoughtWorker_Hot	temperature	EnsureTemperatureSafety
ExecutedColonist_Know_Abhorrent_Mood	memory	other unreferenced	other	
ExecutedGuest_Know_Abhorrent_Mood	memory	other unreferenced	other	
ExecutedPrisoner	situational	ThoughtWorker_Tale	other	
ExecutedPrisonerGuilty_Know_Respected	memory	other unreferenced	other	
ExecutedPrisonerGuilty_Know_Respected_Mood	memory	other unreferenced	other	
ExecutedPrisonerGuilty_Respected	memory	other unreferenced	other	
ExecutedPrisonerInnocent_Horrible	memory	other unreferenced	other	
ExecutedPrisonerInnocent_Know_Horrible	memory	other unreferenced	other	
ExecutedPrisoner_Horrible	memory	other unreferenced	other	
ExecutedPrisoner_Know_Abhorrent	memory	other unreferenced	other	
ExecutedPrisoner_Know_Horrible	memory	other unreferenced	other	
ExecutedPrisoner_Know_Respected	memory	other unreferenced	other	
ExecutedPrisoner_Respected	memory	other unreferenced	other	
Execution_Know_Respected_Mood	memory	other unreferenced	other	
Expectations	situational	ThoughtWorker_Expectations	other	
ExpectationsSlave	situational	ThoughtWorker_ExpectationsSlave	other	
FailedConvertAbilityInitiator	memory	ritual xml:Ideology/Defs/AbilityDefs/Abilities.xml	other	
FailedConvertAbilityRecipient	memory	ritual xml:Ideology/Defs/AbilityDefs/Abilities.xml	other	
FailedConvertIdeoAttemptResentment	memory	social InteractionWorker_ConvertIdeoAttempt.Interacted	other	
FailedRomanceAttemptOnMe	memory	social InteractionWorker_RomanceAttempt.Interacted,InteractionWorker_RomanceAttempt.RemoveBrokeUpAndFailedRomanceThoughts	other	
FailedRomanceAttemptOnMeLowOpinionMood	memory	social InteractionWorker_RomanceAttempt.Interacted,InteractionWorker_RomanceAttempt.RemoveBrokeUpAndFailedRomanceThoughts	other	
FailedToRescueRelative	memory	social Pawn_RelationsTracker.Notify_FailedRescueQuest	other	
FedBaby	memory	ingest JobDriver_BottleFeedBaby.FeedBabyFoodFromInventory	need:food	
FedMe	memory	ingest JobDriver_BottleFeedBaby.FeedBabyFoodFromInventory	need:food	
FedOn	memory	other JobDriver_PrisonerBloodfeed.MakeNewToils,xml:Biotech/Defs/AbilityDefs/Abilities.xml	other	
FedOn_Social	memory	other JobDriver_PrisonerBloodfeed.MakeNewToils,xml:Biotech/Defs/AbilityDefs/Abilities.xml	other	
FlakeHigh	situational	ThoughtWorker_Hediff	hediff;hediff:FlakeHigh	
FleshTentacle	situational	ThoughtWorker_Hediff	hediff;hediff:Tentacle	
FleshWhip	situational	ThoughtWorker_Hediff	hediff;hediff:FleshWhip	
ForcedMeToTakeDrugs	memory	ingest Recipe_AdministerIngestible.ApplyOnPawn	need:food	
ForcedMeToTakeDrugsMood	memory	other unreferenced	other	
ForcedMeToTakeLuciferium	memory	ingest Recipe_AdministerIngestible.ApplyOnPawn	need:food	
ForcedMeToTakeLuciferiumMood	memory	other unreferenced	other	
FreedFromSlavery	memory	other Pawn.PreTraded	other	
FunFestival	memory	ritual xml:Ideology/Defs/Rituals/Ritual_Outcomes.xml	other	
FunParty	memory	ritual xml:Ideology/Defs/Rituals/Ritual_Outcomes.xml	other	
GainedTitle	memory	other xml:Royalty/Defs/RoyalTitles/RoyalTitles_Empire.xml	other	
GauranlenConnectionDesired	situational	ThoughtWorker_GauranlenConnectionDesired	other	
GaveLesson	memory	other JobDriver_Lessongiving.MakeNewToils	other	
GhoulNegative	situational	ThoughtWorker_Ghoul	other	
GhoulPositive	situational	ThoughtWorker_Ghoul	other	
GigglingBaby	memory	other MentalState_BabyGiggle.AuraEffect	other	
GoJuiceHigh	situational	ThoughtWorker_Hediff	hediff;hediff:GoJuiceHigh	
GoJuiceWithdrawal	situational	ThoughtWorker_Hediff	hediff;hediff:GoJuiceAddiction	
GoodDuel	memory	ritual xml:Ideology/Defs/Rituals/Ritual_Outcomes.xml	other	
GoodFuneral	memory	ritual xml:Ideology/Defs/Rituals/Ritual_Outcomes.xml	other	
GotLovin_Abhorrent	memory	other unreferenced	other	
GotLovin_Disapproved	memory	other unreferenced	other	
GotLovin_Horrible	memory	other unreferenced	other	
GotMarried	memory	social MarriageCeremonyUtility.AddNewlyMarriedThoughts,Pawn_RelationsTracker.RemoveMySpouseMarriageRelatedThoughts,SpouseRelationUtility.RemoveGotMarriedThoughts	other	
GotSomeLovin	memory	social JobDriver_Lovin.MakeNewToils	hediff;hediff:LoveEnhancer;hediff:PregnantHuman	
GrandioseBestowingCeremony	memory	ritual xml:Royalty/Defs/Rituals/Ritual_Outcomes.xml	other	
GravNausea	situational	ThoughtWorker_Hediff	hediff;hediff:GravNausea	
GrayPall	memory	other xml:Anomaly/Defs/GameConditionDefs/GameConditions_Misc.xml,xml:Anomaly/Defs/WeatherDefs/Weathers.xml	other	
Greedy	situational	ThoughtWorker_Greedy	room;room_stat:Impressiveness	
GroinChestHairOrFaceUncovered_Disapproved_Female	situational	ThoughtWorker_Precept_GroinChestHairOrFaceUncovered	apparel	
GroinChestHairOrFaceUncovered_Disapproved_Male	situational	ThoughtWorker_Precept_GroinChestHairOrFaceUncovered	apparel	
GroinChestHairOrFaceUncovered_Disapproved_Social_Female	situational	ThoughtWorker_Precept_GroinChestHairOrFaceUncovered_Social	other	
GroinChestHairOrFaceUncovered_Disapproved_Social_Male	situational	ThoughtWorker_Precept_GroinChestHairOrFaceUncovered_Social	other	
GroinChestOrHairUncovered_Disapproved_Female	situational	ThoughtWorker_Precept_GroinChestOrHairUncovered	apparel	
GroinChestOrHairUncovered_Disapproved_Male	situational	ThoughtWorker_Precept_GroinChestOrHairUncovered	apparel	
GroinChestOrHairUncovered_Disapproved_Social_Female	situational	ThoughtWorker_Precept_GroinChestOrHairUncovered_Social	other	
GroinChestOrHairUncovered_Disapproved_Social_Male	situational	ThoughtWorker_Precept_GroinChestOrHairUncovered_Social	other	
GroinOrChestUncovered_Disapproved_Female	situational	ThoughtWorker_Precept_GroinOrChestUncovered	apparel	
GroinOrChestUncovered_Disapproved_Male	situational	ThoughtWorker_Precept_GroinOrChestUncovered	apparel	
GroinOrChestUncovered_Disapproved_Social_Female	situational	ThoughtWorker_Precept_GroinOrChestUncovered_Social	other	
GroinOrChestUncovered_Disapproved_Social_Male	situational	ThoughtWorker_Precept_GroinOrChestUncovered_Social	other	
GroinUncovered_Disapproved_Female	situational	ThoughtWorker_Precept_GroinUncovered	apparel	
GroinUncovered_Disapproved_Male	situational	ThoughtWorker_Precept_GroinUncovered	apparel	
GroinUncovered_Disapproved_Social_Female	situational	ThoughtWorker_Precept_GroinUncovered_Social	other	
GroinUncovered_Disapproved_Social_Male	situational	ThoughtWorker_Precept_GroinUncovered_Social	other	
GrowthVat_Essential_ChildNotInGrowthVat	situational	ThoughtWorker_Precept_ChildNotInGrowthVat	other	
GrowthVat_Essential_Pregnant	situational	ThoughtWorker_Precept_GrowthVatEssentialPregnant	hediff;hediff:PregnantHuman	
GrowthVat_Prohibited_ChildInGrowthVat	situational	ThoughtWorker_Precept_ChildInGrowthVat	other	
GrowthVat_Prohibited_ChildNotInGrowthVat	situational	ThoughtWorker_Precept_ChildNotInGrowthVat	other	
GrowthVat_Prohibited_GrowthVatInColony	situational	ThoughtWorker_Precept_GrowthVatInColony	other	
GuiltyPrisonerDied_Know_Respected	memory	other unreferenced	other	
GuiltyPrisonerDied_Respected	memory	other unreferenced	other	
HadAngeringFight	memory	social MentalState_SocialFighting.PostEnd	other	
HadCatharticFight	memory	social MentalState_SocialFighting.PostEnd	other	
HappyNude	situational	ThoughtWorker_NudistNude	apparel	
HarbingerScream	memory	other unreferenced	other	
HardWorkerVsLazy	situational	ThoughtWorker_HardWorkerVsLazy	other	
HarmedMe	memory	other Pawn_HealthTracker.PreApplyDamage	apparel	
HarvestedOrgan_Abhorrent	memory	other unreferenced	other	
HarvestedOrgan_Bloodlust	memory	other ThoughtUtility.GiveThoughtsForPawnOrganHarvested	other	
HarvestedOrgan_Horrible	memory	other unreferenced	other	
HarvestedOrgan_Know_Abhorrent	memory	other unreferenced	other	
HarvestedOrgan_Know_Abhorrent_Mood	memory	other unreferenced	other	
HarvestedOrgan_Know_Horrible	memory	other unreferenced	other	
HarvestedOrgan_Know_Horrible_Mood	memory	other unreferenced	other	
HasAutomatedTurrets_Disapproved	situational	ThoughtWorker_Precept_HasAutomatedTurrets	other	
HasAutomatedTurrets_Horrible	situational	ThoughtWorker_Precept_HasAutomatedTurrets	other	
HasAutomatedTurrets_Prohibited	situational	ThoughtWorker_Precept_HasAutomatedTurrets	other	
HasNoProsthetic_Disapproved	situational	ThoughtWorker_Precept_HasNoProsthetic	other	
HasNoProsthetic_Disapproved_Social	situational	ThoughtWorker_Precept_HasNoProsthetic_Social	other	
HasProsthetic_Abhorrent	situational	ThoughtWorker_Precept_HasProsthetic	other	
HasProsthetic_Abhorrent_Social	situational	ThoughtWorker_Precept_HasProsthetic_Social	other	
HasProsthetic_Approved	situational	ThoughtWorker_Precept_HasProsthetic_Count	other	
HasProsthetic_Disapproved	situational	ThoughtWorker_Precept_HasProsthetic	other	
HasProsthetic_Disapproved_Social	situational	ThoughtWorker_Precept_HasProsthetic_Social	other	
HateAura	situational	ThoughtWorker_HateAura	other	
HateChantDrone	situational	ThoughtWorker_HateChantDrone	other	
HealedMe	situational	ThoughtWorker_TaleDoublePawn	other	
HeardInhumanRambling	memory	other MentalState_InhumanRambling.DoInhumanRambling	other	
HeartwarmingFuneral	memory	ritual xml:Ideology/Defs/Rituals/Ritual_Outcomes.xml	other	
HeldConcert	memory	other LordJob_Joinable_Concert	other	
HemogenCraving	situational	ThoughtWorker_Hediff	hediff;hediff:HemogenCraving	
HighLife	situational	ThoughtWorker_Precept_HighLife	other	
HoldingMePrisoner	situational	ThoughtWorker_ImprisonedByFaction	other	
HoneymoonPhase	memory	social MarriageCeremonyUtility.AddNewlyMarriedThoughts,Pawn_RelationsTracker.RemoveMySpouseMarriageRelatedThoughts,SpouseRelationUtility.RemoveGotMarriedThoughts	other	
HonorableBestowingCeremony	memory	ritual xml:Royalty/Defs/Rituals/Ritual_Outcomes.xml	other	
HospitalPatientRoomStats	situational	ThoughtWorker_HospitalPatientRoomStats	room;room_role:Hospital;room_stat:Impressiveness	
HotSpring	memory	other xml:Odyssey/Defs/TerrainDefs/Terrain_Water.xml	other	
HumanLeatherApparelHappy	situational	ThoughtWorker_HumanLeatherApparel	apparel	
HumanLeatherApparelSad	situational	ThoughtWorker_Precept_HumanLeatherApparel	apparel	
HumanLeatherApparel_Abhorrent	situational	ThoughtWorker_Precept_HumanLeatherApparel	apparel	
HumanLeatherApparel_Disapproved	situational	ThoughtWorker_Precept_HumanLeatherApparel	apparel	
HumanLeatherApparel_Horrible	situational	ThoughtWorker_Precept_HumanLeatherApparel	apparel	
HumanLeatherApparel_Preferred	situational	ThoughtWorker_Precept_HumanLeatherApparel	apparel	
HumanLeatherApparel_RequiredRavenous	situational	ThoughtWorker_Precept_HumanLeatherApparel	apparel	
HumanLeatherApparel_RequiredStrong	situational	ThoughtWorker_Precept_HumanLeatherApparel	apparel	
Hungover	situational	ThoughtWorker_Hediff	hediff;hediff:Hangover	
IRejectedTheirProposal	memory	social InteractionWorker_MarriageProposal.Interacted	other	
IdeoBuildingDisrespected	memory	ritual Precept_Building.SituationThoughtsToAdd	other	
IdeoBuildingMissing	memory	ritual Precept_Building.SituationThoughtsToAdd	other	
IdeoDiverity_Abhorrent_AltarSharing	situational	ThoughtWorker_Precept_AltarSharing	room	
IdeoDiverity_Disapproved_AltarSharing	situational	ThoughtWorker_Precept_AltarSharing	room	
IdeoDiverity_Horrible_AltarSharing	situational	ThoughtWorker_Precept_AltarSharing	room	
IdeoDiversity_Abhorrent	situational	ThoughtWorker_Precept_IdeoDiversity	other	
IdeoDiversity_Abhorrent_ParticipatedInOthersRitual	memory	other unreferenced	other	
IdeoDiversity_Abhorrent_Social	situational	ThoughtWorker_Precept_IdeoDiversity_Social	other	
IdeoDiversity_Abhorrent_StyleDominance	situational	ThoughtWorker_StyleDominance	other	
IdeoDiversity_Abhorrent_Uniform	situational	ThoughtWorker_Precept_IdeoDiversity_Uniform	other	
IdeoDiversity_Approved	situational	ThoughtWorker_Precept_IdeoDiversity	other	
IdeoDiversity_Approved_StyleDominance	situational	ThoughtWorker_StyleDominance	other	
IdeoDiversity_Disapproved	situational	ThoughtWorker_Precept_IdeoDiversity	other	
IdeoDiversity_Disapproved_ParticipatedInOthersRitual	memory	other unreferenced	other	
IdeoDiversity_Disapproved_Social	situational	ThoughtWorker_Precept_IdeoDiversity_Social	other	
IdeoDiversity_Disapproved_StyleDominance	situational	ThoughtWorker_StyleDominance	other	
IdeoDiversity_Disapproved_Uniform	situational	ThoughtWorker_Precept_IdeoDiversity_Uniform	other	
IdeoDiversity_Exalted	situational	ThoughtWorker_Precept_IdeoDiversity	other	
IdeoDiversity_Exalted_StyleDominance	situational	ThoughtWorker_StyleDominance	other	
IdeoDiversity_Horrible	situational	ThoughtWorker_Precept_IdeoDiversity	other	
IdeoDiversity_Horrible_ParticipatedInOthersRitual	memory	other unreferenced	other	
IdeoDiversity_Horrible_Social	situational	ThoughtWorker_Precept_IdeoDiversity_Social	other	
IdeoDiversity_Horrible_StyleDominance	situational	ThoughtWorker_StyleDominance	other	
IdeoDiversity_Horrible_Uniform	situational	ThoughtWorker_Precept_IdeoDiversity_Uniform	other	
IdeoDiversity_Respected	situational	ThoughtWorker_Precept_IdeoDiversity	other	
IdeoDiversity_Respected_StyleDominance	situational	ThoughtWorker_StyleDominance	other	
IdeoDiversity_Standard_StyleDominance	situational	ThoughtWorker_StyleDominance	other	
IdeoLeaderResentmentAbhorrent	situational	ThoughtWorker_Precept_LeaderResentment	other	
IdeoLeaderResentmentDisapproved	situational	ThoughtWorker_Precept_LeaderResentment	other	
IdeoLeaderResentmentHorrible	situational	ThoughtWorker_Precept_LeaderResentment	other	
IdeoLeaderResentmentStandard	situational	ThoughtWorker_Precept_LeaderResentment	other	
IdeoRoleApparelRequirementNotMet	memory	ritual Precept_Role.SituationThoughtsToAdd,xml:Ideology/Defs/PreceptDefs/Precepts_Role.xml	apparel	
IdeoRoleEmpty	memory	ritual Precept_Role.SituationThoughtsToAdd	apparel	
IdeoRoleLost	memory	ritual Precept_RoleMulti.Unassign,Precept_RoleSingle.Assign	other	
ImprisonedWithEntity	situational	ThoughtWorker_ImprisonedWithEntity	other	
Incestuous	situational	ThoughtWorker_Incestuous	other	
Inebriated	situational	ThoughtWorker_Hediff	hediff;hediff:AlcoholHigh	
IngestedDrug_Horrible	memory	other unreferenced	other	
IngestedDrug_Know_Horrible	memory	other unreferenced	other	
IngestedHardDrug_Horrible	memory	other unreferenced	other	
IngestedHardDrug_Know_Horrible	memory	other unreferenced	other	
IngestedHemogenPack	memory	ingest xml:Biotech/Defs/ThingDefs_Items/Items_Food.xml	other	
IngestedRecreationalDrug_Horrible	memory	other unreferenced	other	
IngestedRecreationalDrug_Know_Horrible	memory	other unreferenced	other	
Inhumanizing_Required_Human	situational	ThoughtWorker_Precept_NonImhumanized	other	
InnocentPrisonerDied_Abhorrent	memory	other unreferenced	other	
InnocentPrisonerDied_Horrible	memory	other unreferenced	other	
InnocentPrisonerDied_Know_Abhorrent	memory	other unreferenced	other	
InnocentPrisonerDied_Know_Abhorrent_Mood	memory	other unreferenced	other	
InnocentPrisonerDied_Know_Horrible	memory	other unreferenced	other	
InspirationalSpeech	memory	ritual RitualOutcomeEffectWorker_Speech.Apply,RitualOutcomeEffectWorker_Speech.PositiveOutcome,xml:Core/Defs/Rituals/Ritual_Outcomes.xml	other	
InstalledOrgan_Abhorrent	memory	other unreferenced	other	
InstalledOrgan_Know_Abhorrent	memory	other unreferenced	other	
InstalledOrgan_Know_Abhorrent_Mood	memory	other unreferenced	other	
InstalledProsthetic_Abhorrent	memory	other unreferenced	other	
InstalledProsthetic_Disapproved	memory	other unreferenced	other	
InstalledProsthetic_Know_Abhorrent	memory	other unreferenced	other	
InstalledProsthetic_Know_Disapproved	memory	other unreferenced	other	
Insulted	memory	social xml:Core/Defs/InteractionDefs/Interactions_Social.xml	other	
InsultedMood	memory	other unreferenced	other	
InvolvedInPsychicRitual_Abhorrent	memory	other unreferenced	other	
InvolvedInPsychicRitual_Disapproved	memory	other unreferenced	other	
InvolvedInPsychicRitual_Exalted	memory	other unreferenced	other	
InvolvedInPsychicRitual_Social_Abhorrent	memory	other unreferenced	other	
InvolvedInPsychicRitual_Social_Disapproved	memory	other unreferenced	other	
InvolvedInPsychicRitual_Social_Exalted	memory	other unreferenced	other	
IsApostate_Abhorrent_Social	situational	ThoughtWorker_Precept_IsApostate_Social	other	
IsApostate_Disapproved_Social	situational	ThoughtWorker_Precept_IsApostate_Social	other	
IsApostate_Horrible_Social	situational	ThoughtWorker_Precept_IsApostate_Social	other	
Jealous	situational	ThoughtWorker_BedroomJealous	room;room_stat:Impressiveness	
JealousRage	memory	other WeaponTraitWorker_Jealous.Notify_OtherWeaponWielded	other	
JoyActivityInImpressiveRecRoom	memory	other JoyUtility.TryGainRecRoomThought	room;room_stat:Impressiveness	
Joyfuzz	situational	ThoughtWorker_Hediff	hediff;hediff:Joyfuzz	
Joyous	situational	ThoughtWorker_Joyous	other	
JoyousPresence	situational	ThoughtWorker_JoyousPresence	other	
Joywire	situational	ThoughtWorker_Hediff	hediff;hediff:Joywire	
JuggernautSerum	situational	ThoughtWorker_Hediff	hediff;hediff:JuggernautSerum	
KillThirst	situational	ThoughtWorker_KillThirst	other	
KillThirst_Weapon	situational	ThoughtWorker_WeaponTraitKillNeed	other	
KillWithNobleWeapon	memory	other unreferenced	other	
KilledChild	memory	other PawnDiedOrDownedThoughtsUtility.AppendThoughts_ForHumanlike	other	
KilledChild_Opinion	situational	ThoughtWorker_Tale	other	
KilledColonist	situational	ThoughtWorker_Tale	other	
KilledColonyAnimal	situational	ThoughtWorker_Tale	other	
KilledHumanlikeBloodlust	memory	other PawnDiedOrDownedThoughtsUtility.AppendThoughts_ForHumanlike	other	
KilledInnocentAnimal_Disapproved	memory	other unreferenced	other	
KilledInnocentAnimal_Horrible	memory	other unreferenced	other	
KilledInnocentAnimal_Know_Abhorrent	memory	other unreferenced	other	
KilledInnocentAnimal_Know_Abhorrent_Mood	memory	other unreferenced	other	
KilledInnocentAnimal_Know_Disapproved	memory	other unreferenced	other	
KilledInnocentAnimal_Know_Disapproved_Mood	memory	other unreferenced	other	
KilledInnocentAnimal_Know_Horrible	memory	other unreferenced	other	
KilledInnocentAnimal_Know_Horrible_Mood	memory	other unreferenced	other	
KilledMyBirthMother	memory	social xml:Biotech/Defs/PawnRelationDefs/PawnRelations_FamiltyByBlood.xml	other	
KilledMyBondedAnimal	memory	social xml:Core/Defs/PawnRelationDefs/PawnRelations_Misc.xml	other	
KilledMyBrother	memory	social xml:Core/Defs/PawnRelationDefs/PawnRelations_FamilyByBlood.xml	other	
KilledMyDaughter	memory	social xml:Core/Defs/PawnRelationDefs/PawnRelations_FamilyByBlood.xml	other	
KilledMyFather	memory	social xml:Core/Defs/PawnRelationDefs/PawnRelations_FamilyByBlood.xml	other	
KilledMyFiance	memory	social xml:Core/Defs/PawnRelationDefs/PawnRelations_FamilyByChoice.xml	other	
KilledMyFriend	memory	social PawnDiedOrDownedThoughtsUtility.AppendThoughts_Relations	other	
KilledMyKin	memory	social xml:Core/Defs/PawnRelationDefs/PawnRelations_FamilyByBlood.xml	other	
KilledMyLover	memory	social xml:Core/Defs/PawnRelationDefs/PawnRelations_FamilyByChoice.xml	other	
KilledMyMother	memory	social xml:Core/Defs/PawnRelationDefs/PawnRelations_FamilyByBlood.xml	other	
KilledMyRival	memory	social PawnDiedOrDownedThoughtsUtility.AppendThoughts_Relations	other	
KilledMySister	memory	social xml:Core/Defs/PawnRelationDefs/PawnRelations_FamilyByBlood.xml	other	
KilledMySon	memory	social xml:Core/Defs/PawnRelationDefs/PawnRelations_FamilyByBlood.xml	other	
KilledMySpouse	memory	social xml:Core/Defs/PawnRelationDefs/PawnRelations_FamilyByChoice.xml	other	
KindWords	memory	social xml:Core/Defs/InteractionDefs/Interactions_Social.xml	other	
KindWordsMood	memory	other unreferenced	other	
KnowBuriedInSarcophagus	memory	other Building_Sarcophagus.Notify_HauledTo	other	
KnowButcheredHumanlikeCorpse	memory	ritual xml:Core/Defs/PreceptDefs/Precepts_Cannibalism.xml	other	
KnowColonistDied	memory	other PawnDiedOrDownedThoughtsUtility.AppendThoughts_ForHumanlike,PawnDiedOrDownedThoughtsUtility.RemoveDiedThoughts	other	
KnowColonistExecuted	memory	ritual xml:Core/Defs/PreceptDefs/Precepts_PrisonerExecution.xml	other	
KnowColonistOrganHarvested	memory	ritual xml:Core/Defs/PreceptDefs/Precepts_OrganUse.xml	other	
KnowGuestExecuted	memory	ritual xml:Core/Defs/PreceptDefs/Precepts_PrisonerExecution.xml	other	
KnowGuestOrganHarvested	memory	ritual xml:Core/Defs/PreceptDefs/Precepts_OrganUse.xml	other	
KnowPrisonerDiedInnocent	memory	other+ritual PawnDiedOrDownedThoughtsUtility.RemoveDiedThoughts,xml:Core/Defs/PreceptDefs/Precepts_PrisonerExecution.xml	other	
KnowPrisonerSold	memory	ritual xml:Core/Defs/PreceptDefs/Precepts_Slavery.xml	other	
LacklusterFuneral	memory	ritual xml:Ideology/Defs/Rituals/Ritual_Outcomes.xml	other	
ListeningToHarp	situational	ThoughtWorker_ListeningToHarp	other	
ListeningToHarpsichord	situational	ThoughtWorker_ListeningToHarpsichord	other	
ListeningToPiano	situational	ThoughtWorker_ListeningToPiano	other	
LookChangeDesired	situational	ThoughtWorker_LookChangeDesired	other	
LostTitle	memory	other xml:Royalty/Defs/RoyalTitles/RoyalTitles_Empire.xml	other	
LoveReading	situational	ThoughtWorker_LoveReading	other	
Lovin_Know_Abhorrent	memory	other unreferenced	other	
Lovin_Know_Approved	memory	other unreferenced	other	
Lovin_Know_Disapproved	memory	other unreferenced	other	
Lovin_Know_Horrible	memory	other unreferenced	other	
MadeStatueOfMe	memory	other CompStatue.GenerateSpecificStatue,CompStatue.JustCreatedBy	other	
Man	situational	ThoughtWorker_Man	other	
MasochistPain	situational	ThoughtWorker_Pain	hediff	
MasochistWearingBodyStrap	situational	ThoughtWorker_MasochistWearingBodyStrap	apparel	
MasochistWearingCollar	situational	ThoughtWorker_MasochistWearingCollar	apparel	
MasterfulConversion	memory	ritual xml:Ideology/Defs/Rituals/Ritual_Outcomes.xml	other	
MineableDestroyed_Disapproved	memory	other unreferenced	other	
MineableDestroyed_Horrible	memory	other unreferenced	other	
MineableDestroyed_Prohibited	memory	other unreferenced	other	
Mined_Disapproved	memory	other unreferenced	other	
Mined_Horrible	memory	other unreferenced	other	
Mined_Know_Disapproved	memory	other unreferenced	other	
Mined_Know_Disapproved_Mood	memory	other unreferenced	other	
Mined_Know_Horrible	memory	other unreferenced	other	
Mined_Know_Horrible_Mood	memory	other unreferenced	other	
Mined_Know_Prohibited	memory	other unreferenced	other	
Mined_Know_Prohibited_Mood	memory	other unreferenced	other	
MinifiedTreeDied_Know_Disapproved_Mood	memory	other unreferenced	other	
MinifiedTreeDied_Know_Horrible_Mood	memory	other unreferenced	other	
MinifiedTreeDied_Know_Prohibited_Mood	memory	other unreferenced	other	
Miscarried	memory	other Hediff_Pregnant.Miscarry	other	
MissingTongue	situational	ThoughtWorker_MissingTongue	hediff	
MoodOffsetDepressive	situational	ThoughtWorker_AlwaysActive	other	
MoodOffsetHappy	situational	ThoughtWorker_AlwaysActive	other	
MoodOffsetOptimist	situational	ThoughtWorker_AlwaysActive	other	
MoodOffsetPessimist	situational	ThoughtWorker_AlwaysActive	other	
MoodOffsetSanguine	situational	ThoughtWorker_AlwaysActive	other	
MoodOffsetTorturedArtist	situational	ThoughtWorker_AlwaysActive	other	
MoodOffsetUnhappy	situational	ThoughtWorker_AlwaysActive	other	
MoodOffsetVeryHappy	situational	ThoughtWorker_AlwaysActive	other	
MoodOffsetVeryUnhappy	situational	ThoughtWorker_AlwaysActive	other	
MutatedMyArm	situational	ThoughtWorker_TaleDoublePawn	other	
MyAuntDied	memory	social xml:Core/Defs/PawnRelationDefs/PawnRelations_FamilyByBlood.xml	other	
MyAuntLost	memory	social xml:Core/Defs/PawnRelationDefs/PawnRelations_FamilyByBlood.xml	other	
MyBirthMotherDied	memory	social xml:Biotech/Defs/PawnRelationDefs/PawnRelations_FamiltyByBlood.xml	other	
MyBirthMotherLost	memory	social xml:Biotech/Defs/PawnRelationDefs/PawnRelations_FamiltyByBlood.xml	other	
MyBrotherDied	memory	social xml:Core/Defs/PawnRelationDefs/PawnRelations_FamilyByBlood.xml	other	
MyBrotherLost	memory	social xml:Core/Defs/PawnRelationDefs/PawnRelations_FamilyByBlood.xml	other	
MyChildHappy	situational	ThoughtWorker_MyChildHappy	other	
MyChildSad	situational	ThoughtWorker_MyChildSad	other	
MyChildrenHappy	situational	ThoughtWorker_MyChildrenHappy	other	
MyChildrenSad	situational	ThoughtWorker_MyChildrenSad	other	
MyCousinDied	memory	social xml:Core/Defs/PawnRelationDefs/PawnRelations_FamilyByBlood.xml	other	
MyCousinLost	memory	social xml:Core/Defs/PawnRelationDefs/PawnRelations_FamilyByBlood.xml	other	
MyCryingBaby	memory	other MentalState_BabyCry.AuraEffect	other	
MyDaughterDied	memory	social xml:Core/Defs/PawnRelationDefs/PawnRelations_FamilyByBlood.xml	other	
MyDaughterLost	memory	social xml:Core/Defs/PawnRelationDefs/PawnRelations_FamilyByBlood.xml	other	
MyFatherDied	memory	social xml:Core/Defs/PawnRelationDefs/PawnRelations_FamilyByBlood.xml	other	
MyFatherLost	memory	social xml:Core/Defs/PawnRelationDefs/PawnRelations_FamilyByBlood.xml	other	
MyFianceDied	memory	social xml:Core/Defs/PawnRelationDefs/PawnRelations_FamilyByChoice.xml	other	
MyFianceLost	memory	social xml:Core/Defs/PawnRelationDefs/PawnRelations_FamilyByChoice.xml	other	
MyFianceeDied	memory	social xml:Core/Defs/PawnRelationDefs/PawnRelations_FamilyByChoice.xml	other	
MyFianceeLost	memory	social xml:Core/Defs/PawnRelationDefs/PawnRelations_FamilyByChoice.xml	other	
MyGigglingBaby	memory	other MentalState_BabyGiggle.AuraEffect	other	
MyGrandchildDied	memory	social xml:Core/Defs/PawnRelationDefs/PawnRelations_FamilyByBlood.xml	other	
MyGrandchildLost	memory	social xml:Core/Defs/PawnRelationDefs/PawnRelations_FamilyByBlood.xml	other	
MyGrandparentDied	memory	social xml:Core/Defs/PawnRelationDefs/PawnRelations_FamilyByBlood.xml	other	
MyGrandparentLost	memory	social xml:Core/Defs/PawnRelationDefs/PawnRelations_FamilyByBlood.xml	other	
MyHalfSiblingDied	memory	social xml:Core/Defs/PawnRelationDefs/PawnRelations_FamilyByBlood.xml	other	
MyHalfSiblingLost	memory	social xml:Core/Defs/PawnRelationDefs/PawnRelations_FamilyByBlood.xml	other	
MyHusbandDied	memory	social xml:Core/Defs/PawnRelationDefs/PawnRelations_FamilyByChoice.xml	other	
MyHusbandLost	memory	social xml:Core/Defs/PawnRelationDefs/PawnRelations_FamilyByChoice.xml	other	
MyKinDied	memory	social xml:Core/Defs/PawnRelationDefs/PawnRelations_FamilyByBlood.xml	other	
MyKinLost	memory	social xml:Core/Defs/PawnRelationDefs/PawnRelations_FamilyByBlood.xml	other	
MyLoverDied	memory	social xml:Core/Defs/PawnRelationDefs/PawnRelations_FamilyByChoice.xml	other	
MyLoverLost	memory	social xml:Core/Defs/PawnRelationDefs/PawnRelations_FamilyByChoice.xml	other	
MyMotherDied	memory	social xml:Core/Defs/PawnRelationDefs/PawnRelations_FamilyByBlood.xml	other	
MyMotherLost	memory	social xml:Core/Defs/PawnRelationDefs/PawnRelations_FamilyByBlood.xml	other	
MyNephewDied	memory	social xml:Core/Defs/PawnRelationDefs/PawnRelations_FamilyByBlood.xml	other	
MyNephewLost	memory	social xml:Core/Defs/PawnRelationDefs/PawnRelations_FamilyByBlood.xml	other	
MyNieceDied	memory	social xml:Core/Defs/PawnRelationDefs/PawnRelations_FamilyByBlood.xml	other	
MyNieceLost	memory	social xml:Core/Defs/PawnRelationDefs/PawnRelations_FamilyByBlood.xml	other	
MyOrganHarvested	memory	other ThoughtUtility.GiveThoughtsForPawnOrganHarvested	other	
MyParentHappy	situational	ThoughtWorker_MyParentHappy	other	
MyParentsHappy	situational	ThoughtWorker_MyParentsHappy	other	
MySisterDied	memory	social xml:Core/Defs/PawnRelationDefs/PawnRelations_FamilyByBlood.xml	other	
MySisterLost	memory	social xml:Core/Defs/PawnRelationDefs/PawnRelations_FamilyByBlood.xml	other	
MySonDied	memory	social xml:Core/Defs/PawnRelationDefs/PawnRelations_FamilyByBlood.xml	other	
MySonLost	memory	social xml:Core/Defs/PawnRelationDefs/PawnRelations_FamilyByBlood.xml	other	
MyUncleDied	memory	social xml:Core/Defs/PawnRelationDefs/PawnRelations_FamilyByBlood.xml	other	
MyUncleLost	memory	social xml:Core/Defs/PawnRelationDefs/PawnRelations_FamilyByBlood.xml	other	
MyWifeDied	memory	social xml:Core/Defs/PawnRelationDefs/PawnRelations_FamilyByChoice.xml	other	
MyWifeLost	memory	social xml:Core/Defs/PawnRelationDefs/PawnRelations_FamilyByChoice.xml	other	
Naked	situational	ThoughtWorker_PsychologicallyNude	apparel	
NeedBeauty	situational	ThoughtWorker_NeedBeauty	need:beauty	MaintainCleanFacilities
NeedComfort	situational	ThoughtWorker_NeedComfort	need:comfort	
NeedFood	situational	ThoughtWorker_NeedFood	hediff;hediff:Malnutrition;need:food	
NeedIndoors	situational	ThoughtWorker_NeedIndoors	need:indoors	
NeedJoy	situational	ThoughtWorker_NeedJoy	need:joy	EnsureComfort
NeedLearning	situational	ThoughtWorker_NeedLearning	need:learning	
NeedNeuralSupercharge	situational	ThoughtWorker_NeedNeuralSupercharge	other	
NeedOutdoors	situational	ThoughtWorker_NeedOutdoors	need:outdoors	
NeedPlay	situational	ThoughtWorker_NeedPlay	need:play	
NeedRest	situational	ThoughtWorker_NeedRest	need:rest	
NeedRoomSize	situational	ThoughtWorker_NeedRoomSize	need:prefersindoors;need:roomsize;room	MaintainHousing
NeuroquakeEcho	memory	other CompAbilityEffect_Neuroquake.GiveNeuroquakeThought	other	
NeurosisPulse	situational	ThoughtWorker_Hediff	hediff;hediff:NeurosisPulse	
NewColonyHope	memory	other MapParent.Abandon,MoveColonyUtility.SetPawnThoughts,SettleInEmptyTileUtility.Settle	room	
NewColonyOptimism	memory	other Game.InitNewGame,MapParent.Abandon,MoveColonyUtility.SetPawnThoughts,SettleInEmptyTileUtility.Settle	room	
NightOwlDuringTheDay	situational	ThoughtWorker_IsDayForNightOwl	other	
NightOwlDuringTheNight	situational	ThoughtWorker_IsNightForNightOwl	other	
NoPsychicRituals	situational	ThoughtWorker_Precept_NoPsychicRituals	other	
NoRecentExecution	situational	ThoughtWorker_Precept_NoRecentExecution	other	
NoRecentHumanMeat_Preferred	situational	ThoughtWorker_Precept_NoRecentHumanMeat	other	
NoRecentHumanMeat_RequiredRavenous	situational	ThoughtWorker_Precept_NoRecentHumanMeat	other	
NoRecentHumanMeat_RequiredStrong	situational	ThoughtWorker_Precept_NoRecentHumanMeat	other	
NotBondedAnimalMaster	situational	ThoughtWorker_NotBondedAnimalMaster	other	
NoxiousHaze	situational	ThoughtWorker_NoxiousHaze	other	
Nuzzled	memory	social InteractionWorker_Nuzzle.AddNuzzledThought	other	
ObeliskAbduction	memory	other LabyrinthMapComponent.TeleportToLabyrinth	other	
ObservedGibbetCage	memory	other Building_GibbetCage.GiveObservedThought	other	
ObservedLayingCorpse	memory	ritual xml:Core/Defs/PreceptDefs/Precepts_Corpses.xml	other	
ObservedLayingRottingCorpse	memory	ritual xml:Core/Defs/PreceptDefs/Precepts_Corpses.xml	other	
ObservedSkullspike	memory	other Building_Skullspike.GiveObservedThought	other	
ObservedTerror	memory	other TerrorUtility.TryCreateTerrorThought	other	
OnDuty	memory	other xml:Royalty/Defs/QuestScriptDefs/Hospitality/Script_Hospitality_Worker.xml,xml:Royalty/Defs/QuestScriptDefs/RewardThreat/Scripts_RewardRaid.xml,xml:Royalty/Defs/QuestScriptDefs/Scripts_Permits.xml	other	
OnKill_BadThought	memory	other unreferenced	other	
OnKill_GoodThought	memory	other unreferenced	other	
OpinionOfMyLover	situational	ThoughtWorker_OpinionOfMyLover	other	
OtherTravelerArrested	memory	other QuestNode_Root_Hospitality_Refugee.RunInt	apparel	
OtherTravelerDied	memory	other QuestNode_Root_Hospitality_Refugee.RunInt	apparel	
OtherTravelerLeftBehind	memory	other QuestNode_Root_Hospitality_Refugee.RunInt	apparel	
OtherTravelerSurgicallyViolated	memory	other QuestNode_Root_Hospitality_Refugee.RunInt	apparel	
Pain	situational	ThoughtWorker_Pain	hediff	MaintainMedicalReserves
Pain_Idealized	situational	ThoughtWorker_Precept_Pain	other	
ParticipatedInRaid_Required	memory	ritual xml:Ideology/Defs/PreceptDefs/Precepts_Raiders.xml	other	
ParticipatedInRaid_Respected	memory	ritual xml:Ideology/Defs/PreceptDefs/Precepts_Raiders.xml	other	
PartnerMiscarried	memory	other Hediff_Pregnant.Miscarry	other	
PawnWithBadOpinionDied	memory	other+social PawnDiedOrDownedThoughtsUtility.AppendThoughts_Relations,PawnDiedOrDownedThoughtsUtility.RemoveDiedThoughts	other	
PawnWithBadOpinionLost	memory	other+social PawnDiedOrDownedThoughtsUtility.AppendThoughts_Relations,PawnDiedOrDownedThoughtsUtility.RemoveLostThoughts	other	
PawnWithGoodOpinionDied	memory	other+social PawnDiedOrDownedThoughtsUtility.AppendThoughts_Relations,PawnDiedOrDownedThoughtsUtility.RemoveDiedThoughts	other	
PawnWithGoodOpinionLost	memory	other+social PawnDiedOrDownedThoughtsUtility.AppendThoughts_Relations,PawnDiedOrDownedThoughtsUtility.RemoveLostThoughts	other	
PlayedWithCube	memory	other Hediff_CubeInterest.Notify_PlayedWith	other	
PlayedWithMe	memory	other JobDriver_BabyPlay.AddPlayThoughtIfAppropriate	need:play	
PleasurePulse	situational	ThoughtWorker_Hediff	hediff;hediff:PleasurePulse	
PreferredXenotype	situational	ThoughtWorker_Precept_PreferredXenotype_Social	other	
PreferredXenotypeMakeup	situational	ThoughtWorker_Precept_ColonyXenotypeMakeup	other	
PregnancyAttitude	situational	ThoughtWorker_PregnancyAttitude	other	
PregnancyEnded	memory	other PregnancyUtility.TryTerminatePregnancy	other	
PregnancyMood_Collapse	situational	ThoughtWorker_HediffThoughtRandom	hediff;hediff:PregnancyMood	
PregnancyMood_Down	situational	ThoughtWorker_HediffThoughtRandom	hediff;hediff:PregnancyMood	
PregnancyMood_High	memory	other xml:Biotech/Defs/HediffDefs/Hediffs_Global_Misc.xml	other	
PregnancyMood_Up	situational	ThoughtWorker_HediffThoughtRandom	hediff;hediff:PregnancyMood	
PregnancyTerminated	memory	other PregnancyUtility.TryTerminatePregnancy	other	
Pretty	situational	ThoughtWorker_Pretty	other	
PrisonBarracks	situational	ThoughtWorker_PrisonBarracksImpressiveness	room;room_role:PrisonBarracks;room_stat:Impressiveness	
PrisonCell	situational	ThoughtWorker_PrisonCellImpressiveness	room;room_role:PrisonCell;room_stat:Impressiveness	
PrisonerBanishedToDie	memory	other PawnDiedOrDownedThoughtsUtility.AppendThoughts_ForHumanlike	other	
PrisonerDied_Know_Respected	memory	other unreferenced	other	
PrisonerDied_Respected	memory	other unreferenced	other	
ProsthophileHappy	situational	ThoughtWorker_HasAddedBodyPart	other	
ProsthophileNoProsthetic	situational	ThoughtWorker_HasAddedBodyPart	other	
ProsthophobeUnhappy	situational	ThoughtWorker_HasAddedBodyPart	other	
PsilocapHigh	situational	ThoughtWorker_Hediff	hediff;hediff:PsilocapHigh	
PsychicArchotechEmanator_Core	situational	ThoughtWorker_PsychicArchotechEmanator_Core	other	
PsychicArchotechEmanator_Grand	situational	ThoughtWorker_PsychicArchotechEmanator_Grand	other	
PsychicArchotechEmanator_Major	situational	ThoughtWorker_PsychicArchotechEmanator_Major	other	
PsychicBond	situational	ThoughtWorker_HediffWithTarget	hediff;hediff:PsychicBond	
PsychicBondProximity	situational	ThoughtWorker_PsychicBondProximity	hediff;hediff:PsychicBond	
PsychicBondTorn	memory	other Gene_PsychicBonding,Gene_PsychicBonding.BondTo,Gene_PsychicBonding.RemoveBond,Hediff_PsychicBondTorn.Notify_Resurrected	hediff;hediff:PsychicBond;hediff:PsychicBondTorn	
PsychicDrone	situational	ThoughtWorker_PsychicDrone	other	
PsychicEmanatorSoothe	situational	ThoughtWorker_PsychicEmanatorSoothe	other	
PsychicEntropyOverloaded	situational	ThoughtWorker_Hediff	hediff;hediff:PsychicBreakdown	
PsychicHarmonization	memory	other unreferenced	other	
PsychicLove	situational	ThoughtWorker_HediffWithTarget	hediff;hediff:PsychicLove	
PsychicRitualGuilt	memory	ritual PsychicRitualUtility.AddPsychicRitualGuiltToPawns	other	
PsychicRitualPerformed_Abhorrent	memory	other unreferenced	other	
PsychicRitualPerformed_Disapproved	memory	other unreferenced	other	
PsychicRitualVictim	memory	ritual PsychicRitualToil_Chronophagy.ApplyOutcome,PsychicRitualToil_Philophagy.ApplyOutcome,PsychicRitualToil_Psychophagy.ApplyOutcome,PsychicRitualToil_SkipAbductionPlayer.ApplyOutcome	hediff;hediff:DarkPsychicShock;hediff:PsychicallyDead;hediff:Psychophage	
PsychiteTeaHigh	situational	ThoughtWorker_Hediff	hediff;hediff:PsychiteTeaHigh	
PsychiteWithdrawal	situational	ThoughtWorker_Hediff	hediff;hediff:PsychiteAddiction	
PyroUsed	memory	other Pawn.UpdatePyroVerbThought	other	
PyromaniacHappy	situational	ThoughtWorker_IsCarryingIncendiaryWeapon	other	
PyromaniacNearFire	situational	ThoughtWorker_PyromaniacNearFlames	room	
Pyrophobia	situational	ThoughtWorker_Pyrophobia	other	
Ranching_Central_AnimalMassPerCapita	situational	ThoughtWorker_Precept_AnimalBodySizePerCapita	other	
Ranching_SowedPlant	memory	other unreferenced	other	
RapportBuilt	memory	social xml:Core/Defs/InteractionDefs/Interactions_Prisoner.xml	other	
ReadingTome	situational	ThoughtWorker_ReadingTome	other	
RebuffedMyRomanceAttempt	memory	social InteractionWorker_RomanceAttempt.Interacted	other	
RebuffedMyRomanceAttemptMood	memory	other unreferenced	other	
RecentConquest_Required	situational	ThoughtWorker_Precept_RecentConquest	other	
RecentConquest_Respected	situational	ThoughtWorker_Precept_RecentConquest	other	
Recluse	situational	ThoughtWorker_Recluse	other	
RecruitedMe	memory	social InteractionWorker_RecruitAttempt.DoRecruit	other	
ReignedInThroneroom	memory	other JobDriver_Reign.MakeNewToils	room;room_role:ThroneRoom;room_stat:Impressiveness	
RejectedMyProposal	memory	social InteractionWorker_MarriageProposal.Interacted	other	
RejectedMyProposalMood	memory	social InteractionWorker_MarriageProposal.Interacted	other	
ReleasedHealthyPrisoner	memory	other GenGuest.AddHealthyPrisonerReleasedThoughts,GenGuest.RemoveHealthyPrisonerReleasedThoughts	other	
RelicAtRitual	memory	other+ritual CompRelicContainer.CompInspectStringExtra,LordJob_Ritual.AddRelicInRoomThought	room	
RelicDestroyed	memory	ritual Precept_Relic.Notify_ThingLost	other	
RelicLost	memory	ritual Precept_Relic.Notify_ThingLost	other	
RelicsCollected	memory	ritual Ideo.Notify_RelicSeenByPlayer	other	
Rescued	memory	other Pawn_GuestTracker.Notify_PawnUndowned,Pawn_MindState.JoinColonyBecauseRescuedBy	temperature	
RescuedMe	memory	social Pawn_RelationsTracker.Notify_RescuedBy	other	
RescuedMeByOfferingHelp	memory	other Pawn_MindState.JoinColonyBecauseRescuedBy	other	
RescuedRelative	memory	other+social PawnDiedOrDownedThoughtsUtility.RemoveResuedRelativeThought,Pawn_RelationsTracker.CheckRescued	other	
ResettledRecently	situational	ThoughtWorker_Precept_ResettledRecently	other	
RotStink	situational	ThoughtWorker_RotStink	other	
RotStinkLingering	situational	ThoughtWorker_RotStinkLingering	other	
SatisfyingBlinding	memory	ritual xml:Ideology/Defs/Rituals/Ritual_Outcomes.xml	other	
SatisfyingExecution	memory	ritual xml:Ideology/Defs/Rituals/Ritual_Outcomes.xml	other	
SatisfyingSacrifice	memory	ritual xml:Ideology/Defs/Rituals/Ritual_Outcomes.xml	other	
SatisfyingScarification	memory	ritual xml:Ideology/Defs/Rituals/Ritual_Outcomes.xml	other	
ScanningSickness	situational	ThoughtWorker_Hediff	hediff;hediff:ScanningSickness	
ScarificationCeremony_Know_Horrible	memory	other unreferenced	other	
ScarificationCeremony_Self_Extreme	memory	other unreferenced	other	
ScarificationCeremony_Self_Heavy	memory	other unreferenced	other	
ScarificationCeremony_Self_Minor	memory	other unreferenced	other	
Scarification_Extreme	situational	ThoughtWorker_Precept_Scarification	hediff;hediff:Scarification	
Scarification_Extreme_Opinion	situational	ThoughtWorker_Precept_Scarification_Social	hediff;hediff:Scarification	
Scarification_Heavy	situational	ThoughtWorker_Precept_Scarification	hediff;hediff:Scarification	
Scarification_Heavy_Opinion	situational	ThoughtWorker_Precept_Scarification_Social	hediff;hediff:Scarification	
Scarification_Minor	situational	ThoughtWorker_Precept_Scarification	hediff;hediff:Scarification	
Scarification_Minor_Opinion	situational	ThoughtWorker_Precept_Scarification_Social	hediff;hediff:Scarification	
SelfDislikedXenotype	situational	ThoughtWorker_Precept_SelfDislikedXenotype	other	
SharedBed	situational	ThoughtWorker_SharedBed	other	
Sick	situational	ThoughtWorker_Sick	hediff	MaintainMedicalReserves
SkillBookPassion	situational	ThoughtWorker_SkillBookPassion	other	
Skullspike_Desired	situational	ThoughtWorker_Precept_Skullspike	other	
Skullspike_Disapproved	situational	ThoughtWorker_Precept_Skullspike	other	
SlabBed_Preferred	situational	ThoughtWorker_Precept_SlabBed_Preferred	other	
SlaughteredAnimal_Disapproved	memory	other unreferenced	other	
SlaughteredAnimal_Horrible	memory	other unreferenced	other	
SlaughteredAnimal_Know_Disapproved	memory	other unreferenced	other	
SlaughteredAnimal_Know_Disapproved_Mood	memory	other unreferenced	other	
SlaughteredAnimal_Know_Horrible	memory	other unreferenced	other	
SlaughteredAnimal_Know_Horrible_Mood	memory	other unreferenced	other	
SlaughteredAnimal_Know_Prohibited	memory	other unreferenced	other	
SlaughteredAnimal_Know_Prohibited_Mood	memory	other unreferenced	other	
SlaughteredFish_Disapproved	memory	other unreferenced	other	
SlaughteredFish_Know_Disapproved	memory	other unreferenced	other	
SlaughteredFish_Know_Disapproved_Mood	memory	other unreferenced	other	
SlaughteredFish_Know_Prohibited	memory	other unreferenced	other	
SlaughteredFish_Know_Prohibited_Mood	memory	other unreferenced	other	
SlaughteredFish_Sacred	memory	other unreferenced	other	
SlaughteredFish_Sacred_NoFish	situational	ThoughtWorker_Precept_NoFish	other	
Slavery_Abhorrent_SlavesInColony	situational	ThoughtWorker_Precept_SlavesInColony	other	
Slavery_Disapproved_SlavesInColony	situational	ThoughtWorker_Precept_SlavesInColony	other	
Slavery_Honorable_NoSlavesInColony	situational	ThoughtWorker_Precept_Slavery_NoSlavesInColony	other	
Slavery_Honorable_SlavesInColony	situational	ThoughtWorker_Precept_SlavesInColony	other	
Slavery_Horrible_SlavesInColony	situational	ThoughtWorker_Precept_SlavesInColony	other	
SleepDisturbed	memory	sleep Pawn.CheckForDisturbedSleep	other	
SleepSuppressor	situational	ThoughtWorker_SleepSuppressor	other	
SleptInBarracks	memory	other+sleep ThoughtUtility.RemovePositiveBedroomThoughts,Toils_LayDown.ApplyBedThoughts	room;room_role:Barracks;room_role:Bedroom;room_stat:Impressiveness;temperature	
SleptInBedroom	memory	other+sleep ThoughtUtility.RemovePositiveBedroomThoughts,Toils_LayDown.ApplyBedThoughts	room;room_role:Barracks;room_role:Bedroom;room_stat:Impressiveness;temperature	
SleptInCold	memory	sleep Toils_LayDown.ApplyBedThoughts	room;room_role:Barracks;room_role:Bedroom;room_stat:Impressiveness;temperature	
SleptInHeat	memory	sleep Toils_LayDown.ApplyBedThoughts	room;room_role:Barracks;room_role:Bedroom;room_stat:Impressiveness;temperature	
SleptInRoomWithSlave	memory	sleep Toils_LayDown.ApplyBedRelatedEffects	hediff;need:rest;room	
SleptOnGround	memory	sleep Toils_LayDown.ApplyBedThoughts	room;room_role:Barracks;room_role:Bedroom;room_stat:Impressiveness;temperature	MaintainHousing
SleptOutside	memory	sleep Toils_LayDown.ApplyBedThoughts	room;room_role:Barracks;room_role:Bedroom;room_stat:Impressiveness;temperature	MaintainHousing
SleptUsingSleepAccelerator	memory	other unreferenced	other	
Slighted	memory	social xml:Core/Defs/InteractionDefs/Interactions_Social.xml	other	
SmokeleafHigh	situational	ThoughtWorker_Hediff	hediff;hediff:SmokeleafHigh	
SmokeleafWithdrawal	situational	ThoughtWorker_Hediff	hediff;hediff:SmokeleafAddiction	
SoakingWet	memory	other CompBiosculpterPod.EjectContents,Pawn_MindState.CanGainGainThoughtNow,xml:Anomaly/Defs/WeatherDefs/Weathers.xml,xml:Core/Defs/TerrainDefs/Terrain_Water.xml,xml:Core/Defs/WeatherDefs/Weathers.xml,xml:Odyssey/Defs/WeatherDefs/Weathers.xml	hediff;hediff:BiosculptingSickness	
SoldMyBondedAnimal	memory	social xml:Core/Defs/PawnRelationDefs/PawnRelations_Misc.xml	other	
SoldMyBondedAnimalMood	memory	other+social TransportersArrivalAction_GiveGift.Arrived,xml:Core/Defs/PawnRelationDefs/PawnRelations_Misc.xml	other	
SoldMyLovedOne	memory	social xml:Biotech/Defs/PawnRelationDefs/PawnRelations_FamiltyByBlood.xml,xml:Core/Defs/PawnRelationDefs/PawnRelations_FamilyByBlood.xml,xml:Core/Defs/PawnRelationDefs/PawnRelations_FamilyByChoice.xml	other	
SoldOrgan_Disapproved	memory	other unreferenced	other	
SoldOrgan_Know_Disapproved	memory	other unreferenced	other	
SoldOrgan_Know_Horrible_Mood	memory	other unreferenced	other	
SoldPrisoner	situational	ThoughtWorker_Tale	other	
SoldSlave_Disapproved	memory	other unreferenced	other	
SoldSlave_Honorable	memory	other unreferenced	other	
SoldSlave_Horrible	memory	other unreferenced	other	
SoldSlave_Know_Abhorrent	memory	other unreferenced	other	
SoldSlave_Know_Abhorrent_Mood	memory	other unreferenced	other	
SoldSlave_Know_Disapproved	memory	other unreferenced	other	
SoldSlave_Know_Disapproved_Mood	memory	other unreferenced	other	
SoldSlave_Know_Honorable	memory	other unreferenced	other	
SoldSlave_Know_Honorable_Mood	memory	other unreferenced	other	
SoldSlave_Know_Horrible	memory	other unreferenced	other	
SoldSlave_Know_Horrible_Mood	memory	other unreferenced	other	
SpaceHabitat_Mood	situational	ThoughtWorker_Precept_SpaceHabitat	other	
SpectacularBlinding	memory	ritual xml:Ideology/Defs/Rituals/Ritual_Outcomes.xml	other	
SpectacularExecution	memory	ritual xml:Ideology/Defs/Rituals/Ritual_Outcomes.xml	other	
SpectacularSacrifice	memory	ritual xml:Ideology/Defs/Rituals/Ritual_Outcomes.xml	other	
SpectacularScarification	memory	ritual xml:Ideology/Defs/Rituals/Ritual_Outcomes.xml	other	
SpokeToDisturbing	memory	social xml:Anomaly/Defs/InteractionDefs/Interactions_Misc.xml	other	
SpokeToDisturbingMood	memory	other unreferenced	other	
Stillbirth	memory	other+ritual PawnDiedOrDownedThoughtsUtility.RemoveDiedThoughts,PregnancyUtility.ApplyBirthOutcome	hediff;hediff:InfantIllness;hediff:Lactating;hediff:PostpartumExhaustion;hediff:Stillborn	
SunlightSensitivity_Major	situational	ThoughtWorker_InSunlight	other	
SunlightSensitivity_Mild	situational	ThoughtWorker_InSunlight	other	
SwallowedByDarkness	situational	ThoughtWorker_SwallowedByDarkness	other	
TameVeneratedAnimalDied	memory	other PawnDiedOrDownedThoughtsUtility.GiveVeneratedAnimalDiedThoughts	other	
TeetotalerVsAddict	situational	ThoughtWorker_TeetotalerVsAddict	hediff	
TeetotalerVsChemicalInterest	situational	ThoughtWorker_TeetotalerVsChemicalInterest	other	
TendedByMedicalSpecialist	memory	ritual xml:Ideology/Defs/PreceptDefs/Precepts_Role.xml	other	
TerribleBestowingCeremony	memory	ritual xml:Royalty/Defs/Rituals/Ritual_Outcomes.xml	other	
TerribleBlinding	memory	ritual xml:Ideology/Defs/Rituals/Ritual_Outcomes.xml	other	
TerribleDuel	memory	ritual xml:Ideology/Defs/Rituals/Ritual_Outcomes.xml	other	
TerribleFestival	memory	ritual xml:Ideology/Defs/Rituals/Ritual_Outcomes.xml	other	
TerribleFuneral	memory	ritual xml:Ideology/Defs/Rituals/Ritual_Outcomes.xml	other	
TerribleParty	memory	ritual xml:Ideology/Defs/Rituals/Ritual_Outcomes.xml	other	
TerribleSacrifice	memory	ritual xml:Ideology/Defs/Rituals/Ritual_Outcomes.xml	other	
TerribleScarification	memory	ritual xml:Ideology/Defs/Rituals/Ritual_Outcomes.xml	other	
TerribleSkyLanterns	memory	ritual xml:Ideology/Defs/Rituals/Ritual_Outcomes.xml	other	
TerribleSpeech	memory	ritual xml:Core/Defs/Rituals/Ritual_Outcomes.xml	other	
TitleApparelMinQualityNotMet	situational	ThoughtWorker_RoyalTitleApparelMinQualityNotMet	apparel	
TitleApparelRequirementNotMet	situational	ThoughtWorker_RoyalTitleApparelRequirementNotMet	apparel	
TitleBedroomRequirementsNotMet	situational	ThoughtWorker_BedroomRequirementsNotMet	other	
TitleNoPersonalBedroom	situational	ThoughtWorker_NoPersonalBedroom	other	
TitleNoThroneRoom	situational	ThoughtWorker_NoThroneroom	other	
TitleThroneroomRequirementsNotMet	situational	ThoughtWorker_ThroneRoomRequirementsNotMet	other	
ToxWater	memory	other xml:Odyssey/Defs/TerrainDefs/Terrain_Water.xml,xml:Odyssey/Defs/WeatherDefs/Weathers.xml	other	
ToxicFallout	situational	ThoughtWorker_ToxicFallout	other	
TradedOrgan_Abhorrent	memory	other unreferenced	other	
TradedOrgan_Know_Abhorrent	memory	other unreferenced	other	
TradedOrgan_Know_Abhorrent_Mood	memory	other unreferenced	other	
TranshumanistAppreciation	situational	ThoughtWorker_TranshumanistAppreciation	other	
TravelAnticipation	situational	ThoughtWorker_TravelAnticipation	other	
TreeDensityReduced	situational	ThoughtWorker_Precept_TreeDensity	other	
TreesDesired	situational	ThoughtWorker_TreesDesired	other	
TrialConvicted	memory	ritual RitualOutcomeEffectWorker_Trial.Apply	other	
TrialExonerated	memory	ritual RitualOutcomeEffectWorker_Trial.Apply	other	
TrialFailed	memory	ritual RitualOutcomeEffectWorker_Trial.Apply	other	
Ugly	situational	ThoughtWorker_Ugly	other	
UndergrounderIndoors	situational	ThoughtWorker_IsIndoorsForUndergrounder	temperature	
UndergrounderOutdoors	situational	ThoughtWorker_IsOutdoorsForUndergrounder	temperature	
UndergrounderUnderground	situational	ThoughtWorker_IsUndergroundForUndergrounder	other	
UnforgettableDuel	memory	ritual xml:Ideology/Defs/Rituals/Ritual_Outcomes.xml	other	
UnforgettableFestival	memory	ritual xml:Ideology/Defs/Rituals/Ritual_Outcomes.xml	other	
UnforgettableParty	memory	ritual xml:Ideology/Defs/Rituals/Ritual_Outcomes.xml	other	
UnforgettableSkyLanterns	memory	ritual xml:Ideology/Defs/Rituals/Ritual_Outcomes.xml	other	
UnimpressiveBestowingCeremony	memory	ritual xml:Royalty/Defs/Rituals/Ritual_Outcomes.xml	other	
UnimpressiveSkyLanterns	memory	ritual xml:Ideology/Defs/Rituals/Ritual_Outcomes.xml	other	
UninspiringSpeech	memory	ritual xml:Core/Defs/Rituals/Ritual_Outcomes.xml	other	
UnnaturalCorpse	situational	ThoughtWorker_UnnaturalCorpse	other	
UnnaturalCorpseDestroyed	memory	other UnnaturalCorpseTracker.ApplyCorpseDestroyedThoughts	hediff;hediff:CorpseTorment	
UnnaturalDarkness	situational	ThoughtWorker_UnnaturalDarkness	other	
UsedDespisedWeapon	memory	other unreferenced	other	
UsedMeForPsychicRitual	memory	ritual PsychicRitualToil_Chronophagy.ApplyOutcome,PsychicRitualToil_Philophagy.ApplyOutcome,PsychicRitualToil_Psychophagy.ApplyOutcome,PsychicRitualToil_SkipAbduction.ApplyOutcome	hediff;hediff:DarkPsychicShock;hediff:PsychicallyDead;hediff:Psychophage	
VeneratedAnimalsOnMapOrCaravan	situational	ThoughtWorker_VeneratedAnimalOnMapOrCaravan	other	
VoidCatharsis	memory	other xml:Anomaly/Defs/MentalStateDefs/MentalStates_Mood.xml	other	
VoidClosed	memory	other VoidAwakeningUtility.DisruptTheLink	other	
VoidCuriosity	memory	other+ritual IncidentWorker_VoidCuriosity.TryExecuteWorker,PsychicRitualToil_VoidProvocation.ApplyOutcome	hediff;hediff:DarkPsychicShock	
VoidCuriositySatisfied	memory	ritual PsychicRitualToil_VoidProvocation.ApplyOutcome	hediff;hediff:DarkPsychicShock	
VoidFascination	situational	ThoughtWorker_VoidFascination	other	
VoidPleasure	situational	ThoughtWorker_Hediff	hediff;hediff:Inhumanized	
Voidsight	situational	ThoughtWorker_Hediff	hediff;hediff:Voidsight	
VolcanicAsh	situational	ThoughtWorker_Hediff	hediff;hediff:VolcanicAsh	
WakeUpWithdrawal	situational	ThoughtWorker_Hediff	hediff;hediff:WakeUpAddiction	
WantToSleepWithSpouseOrLover	situational	ThoughtWorker_WantToSleepWithSpouseOrLover	other	
WasEnslaved	memory	other GenGuest.SlaveRelease	other	
WasImprisoned	memory	other GenGuest.PrisonerRelease	other	
WasTaught	memory	other JobDriver_Lessongiving.MakeNewToils	other	
WearingColor_Favorite	situational	ThoughtWorker_WearingColor_Favorite	apparel	
WearingColor_Ideo	situational	ThoughtWorker_WearingColor_Ideo	apparel	
WearingDesiredApparel_Soft	situational	ThoughtWorker_Precept_WearingDesiredApparel	apparel	
WearingDesiredApparel_Strong	situational	ThoughtWorker_Precept_WearingDesiredApparel	apparel	
WearingDreadLeather	situational	ThoughtWorker_DreadLeatherApparel	apparel	
WieldingNobleOrDespisedWeapon	situational	ThoughtWorker_Precept_WieldingNobleOrDespisedWeapon	other	
WillDiminished	memory	social xml:Ideology/Defs/InteractionDefs/Interactions_Prisoner.xml	other	
WitnessedDeathAlly	memory	other PawnDiedOrDownedThoughtsUtility.AppendThoughts_ForHumanlike	other	
WitnessedDeathBloodlust	memory	other PawnDiedOrDownedThoughtsUtility.AppendThoughts_ForHumanlike	other	
WitnessedDeathFamily	memory	other PawnDiedOrDownedThoughtsUtility.AppendThoughts_ForHumanlike	other	
WitnessedDeathNonAlly	memory	other PawnDiedOrDownedThoughtsUtility.AppendThoughts_ForHumanlike	other	
Woman	situational	ThoughtWorker_Woman	other	
WrongApparelGender	situational	ThoughtWorker_WrongApparelGender	apparel	MaintainEquipment
XenogermHarvested_Prisoner	memory	other Building_GeneExtractor.Finish	other	
YayoHigh	situational	ThoughtWorker_Hediff	hediff;hediff:YayoHigh	
YoungstersHappy	situational	ThoughtWorker_YoungstersHappy	other	
YoungstersSad	situational	ThoughtWorker_YoungstersSad	other	
