class	kind	category	inputs	defs	hash	owner
StatPart_AddedBodyPartsMass	part	state	pawn_health;pawn_other;thing	Mass	6665be913d0ea76c	stateval.StatPart_AddedBodyPartsMass
StatPart_Age	part	state	pawn_other;pawn_story;thing	AimingDelayFactor;ArrestSuccessChance;ImmunityGainSpeed;MarketValue;MeleeHitChance;ReadingSpeed;ShootingAccuracyChildFactor;WorkSpeedGlobal	56832586b51ac1d2	stateval.StatPart_Age
StatPart_AgeOffset	part	state	pawn_other;pawn_story;thing	SlaveSuppressionFallRate	9f15d1a778a3db03	stateval.StatPart_AgeOffset
StatPart_ArtificialBuildingsNearbyOffset	part	state	map;thing	MeditationPlantGrowthOffset	8628fbf32d42747f	stateval.StatPart_ArtificialBuildingsNearbyOffset
StatPart_BedStat	part	state	pawn_other;pawn_story;thing	ImmunityGainSpeed	439b84e88bfde6cd	stateval.StatPart_BedStat
StatPart_Biocoded	part	state	thing	MarketValue;MarketValueIgnoreHp	7a93a9a2c2cdd613	stateval.StatPart_Biocoded
StatPart_BiosculptingSpeedFactor	part	state	pawn_other;thing	BiosculpterOccupantSpeed	f2e8f920973e0ef6	stateval.StatPart_BiosculptingSpeedFactor
StatPart_BlindPsychicSensitivityOffset	part	state	pawn_health;pawn_other;thing	PsychicSensitivity	4f73c2fac480dc50	stateval.StatPart_BlindPsychicSensitivityOffset
StatPart_BodySize	part	state	pawn_other;thing	CarryingCapacity;LeatherAmount;Mass;MaxNutrition;MeatAmount;Nutrition	3b0799e973975ee6	stateval.StatPart_BodySize
StatPart_ContentsBeauty	part	state	thing	Beauty;BeautyOutdoors	4a6733e7b1b0d265	stateval.StatPart_ContentsBeauty
StatPart_CorpseCasket	part	state	thing	TerrorSource	da6a35375ebe1a85	stateval.StatPart_CorpseCasket
StatPart_Deathresting	part	state	pawn_other;thing	InjuryHealingFactor	cc89a4be3b314db8	stateval.StatPart_Deathresting
StatPart_Difficulty	part	difficulty_gear	difficulty		35ff23c4f3f08323	stateval.StatPart_Difficulty
StatPart_Difficulty_ButcherYield	part	difficulty_gear	difficulty	LeatherAmount;MeatAmount	8a7a5d9b0ac95775	stateval.StatPart_Difficulty_ButcherYield
StatPart_Difficulty_FishingYield	part	difficulty_gear	difficulty	FishingYield	6ca9c6d2cfbc3cec	stateval.StatPart_Difficulty_FishingYield
StatPart_Difficulty_MiningYield	part	difficulty_gear	difficulty		11dde68e577ee9f6	stateval.StatPart_Difficulty_MiningYield
StatPart_EnvironmentalEffects	part	state	map;room;temperature;thing	DeteriorationRate	8b6204146f7f6f26	stateval.StatPart_EnvironmentalEffects
StatPart_FertilityByGenderAge	part	state	pawn_other;pawn_story;thing	Fertility	bf02ff04287823d1	stateval.StatPart_FertilityByGenderAge
StatPart_FertilityByHediffs	part	state	pawn_health;pawn_other;thing	Fertility	f1e379ce33561378	stateval.StatPart_FertilityByHediffs
StatPart_Food	part	state	pawn_needs;pawn_other;thing	ImmunityGainSpeed	13a5cc84f732a509	stateval.StatPart_Food
StatPart_GearAndInventoryMass	part	difficulty_gear	equipment;pawn_other;thing	Mass	684a0ff7eb76809b	stateval.StatPart_GearAndInventoryMass
StatPart_GearStatFactor	part	difficulty_gear	apparel;equipment;pawn_other;thing	PsychicSensitivity	f22985ae5c0fe867	stateval.StatPart_GearStatFactor
StatPart_GearStatOffset	part	difficulty_gear	apparel;equipment;pawn_other;thing	ComfyTemperatureMax;ComfyTemperatureMin;PsychicEntropyMax;PsychicEntropyRecoveryRate;PsychicSensitivity;SlaveSuppressionFallRate	92bb0fd3908040ab	stateval.StatPart_GearStatOffset
StatPart_Genes	part	state	thing	MarketValue;MarketValueIgnoreHp	0dec28a14fa73eef	stateval.StatPart_Genes
StatPart_Glow	part	state	map;pawn_other;pawn_story;thing	MoveSpeed;ReadingSpeed;SurgerySuccessChanceFactor;WorkSpeedGlobal	fb64b50cae7f63a4	stateval.StatPart_Glow
StatPart_GrowthVatSpeedFactor	part	state	pawn_other;thing	GrowthVatOccupantSpeed	ce52619d7c4b8591	stateval.StatPart_GrowthVatSpeedFactor
StatPart_HasRelic	part	state	thing	StyleDominance	d55811648865a8ed	stateval.StatPart_HasRelic
StatPart_Health	part	state	thing	MarketValue	fbf467398ff632ac	stateval.StatPart_Health
StatPart_Hyperlinks	part	data	none	WastepacksPerRecharge	23df26aa41605cf9	stateval.StatPart_Hyperlinks
StatPart_IsCorpseFresh	part	state	thing	MarketValue;MarketValueIgnoreHp;Nutrition	17a04de88d7c1067	stateval.StatPart_IsCorpseFresh
StatPart_IsFlesh	part	state	pawn_other;thing	Nutrition	ca3d7367fa8304db	stateval.StatPart_IsFlesh
StatPart_LifeStageMaxFood	part	state	pawn_other;pawn_story;thing	MaxNutrition	f27726706e2b65f0	stateval.StatPart_LifeStageMaxFood
StatPart_Malnutrition	part	state	pawn_health;pawn_other;thing	MeatAmount	552ccc0e7bc15552	stateval.StatPart_Malnutrition
StatPart_MaxChanceIfRotting	part	state	thing	FoodPoisonChanceFixedHuman	9a3ef397b21b71f5	stateval.StatPart_MaxChanceIfRotting
StatPart_MetabolismTotal	part	state	pawn_other;pawn_story;thing		e382b0fc4c85cd03	stateval.StatPart_MetabolismTotal
StatPart_Mood	part	state	pawn_needs;pawn_other;thing		8a04cb7ea623d4b5	stateval.StatPart_Mood
StatPart_NaturalNotMissingBodyPartsCoverage	part	state	pawn_health;pawn_other;thing	LeatherAmount;Mass;MeatAmount;Nutrition	0e670f8b05a1491e	stateval.StatPart_NaturalNotMissingBodyPartsCoverage
StatPart_NearHarbingerTree	part	state	thing	DeteriorationRate	5aa5a177d9862d3f	stateval.StatPart_NearHarbingerTree
StatPart_NotCarefullySlaughtered	part	state	pawn_health;pawn_other;thing	LeatherAmount;MeatAmount	be60d809ec0204a8	stateval.StatPart_NotCarefullySlaughtered
StatPart_NoxiousHaze	part	state	thing	DeteriorationRate	63b4eb19c193499a	stateval.StatPart_NoxiousHaze
StatPart_Outdoors	part	state	map;room;thing	AssemblySpeedFactor;ResearchSpeedFactor;SurgerySuccessChanceFactor	d387982f7b40c224	stateval.StatPart_Outdoors
StatPart_OverseerStatOffset	part	state	pawn_other;thing	WorkSpeedGlobal	35eff6a8d1d7f6de	stateval.StatPart_OverseerStatOffset
StatPart_Pain	part	state	pawn_health;pawn_other;thing	PsychicEntropyRecoveryRate	811cabb69281829d	stateval.StatPart_Pain
StatPart_PlantGrowthNutritionFactor	part	state	thing	Nutrition	60e03cab5e6f241c	stateval.StatPart_PlantGrowthNutritionFactor
StatPart_PlayerFactionLeader	part	state	pawn_other;thing	TradePriceImprovement	16347641632e521e	stateval.StatPart_PlayerFactionLeader
StatPart_Pollution	part	state	map;thing	DeteriorationRate	733694522b49c66d	stateval.StatPart_Pollution
StatPart_Quality	part	state	thing	AccuracyLong;AccuracyMedium;AccuracyShort;AccuracyTouch;ArmorRating_Blunt;ArmorRating_Heat;ArmorRating_Sharp;Beauty;BeautyOutdoors;BedRestEffectiveness;Comfort;DeteriorationRate;EnergyShieldEnergyMax;EnergyShieldRechargeRate;Insulation_Cold;Insulation_Heat;JoyGainFactor;JumpRange;MarketValue;MarketValueIgnoreHp;MeleeWeapon_DamageMultiplier;PackRadius;PsychicSensitivityOffset;RangedWeapon_ArmorPenetrationMultiplier;RangedWeapon_DamageMultiplier;SurgerySuccessChanceFactor	0352c408b77115c8	stateval.StatPart_Quality
StatPart_Quality_Offset	part	state	thing	TerrorSource	e90cd3af6bd759f5	stateval.StatPart_Quality_Offset
StatPart_ReloadMarketValue	part	difficulty_gear	apparel;equipment;thing	MarketValue;MarketValueIgnoreHp	e9e68712243d021f	stateval.StatPart_ReloadMarketValue
StatPart_Rest	part	state	pawn_needs;pawn_other;thing	ImmunityGainSpeed	2ba7add308ee15ee	stateval.StatPart_Rest
StatPart_Resting	part	state	pawn_other;thing	ImmunityGainSpeed	a6147b81a07f3ebb	stateval.StatPart_Resting
StatPart_RevenantSpeed	part	state	pawn_other;thing;time	MoveSpeed	c52bc7f5730fe5e9	stateval.StatPart_RevenantSpeed
StatPart_RoleConversionPower	part	state	pawn_other;thing	ConversionPower	dd3600e8df5d4119	stateval.StatPart_RoleConversionPower
StatPart_RoomStat	part	state	room;thing	AssemblySpeedFactor;BiosculpterPodSpeedFactor;ResearchSpeedFactor;RoomReadingBonus;SurgerySuccessChanceFactor	25f855c228ed3d5b	stateval.StatPart_RoomStat
StatPart_ShamblerCorpse	part	state	pawn_health;thing	DeteriorationRate	018209544d434bb9	stateval.StatPart_ShamblerCorpse
StatPart_ShamblerCrawling	part	state	pawn_other;thing	MeleeDamageFactor	dcb93ac3fb1cf06a	stateval.StatPart_ShamblerCrawling
StatPart_SightPsychicSensitivityOffset	part	state	pawn_health;pawn_other;thing	PsychicSensitivity	b93b5fc50961195e	stateval.StatPart_SightPsychicSensitivityOffset
StatPart_Slave	part	state	pawn_other;thing	WorkSpeedGlobal	0f23a782e2969edf	stateval.StatPart_Slave
StatPart_Stuff	part	state	thing	ArmorRating_Blunt;ArmorRating_Heat;ArmorRating_Sharp;Insulation_Cold;Insulation_Heat	94a8faa8b96f0551	stateval.StatPart_Stuff
StatPart_TerrainMoveSpeed	part	state	pawn_other;thing	MoveSpeed	750fd4e2079729e6	stateval.StatPart_TerrainMoveSpeed
StatPart_Terror	part	state	pawn_other;thing	SlaveSuppressionFallRate	cb6e22a1b3231bba	stateval.StatPart_Terror
StatPart_ToxicFallout	part	state	thing	DeteriorationRate	459cb544704c2cbc	stateval.StatPart_ToxicFallout
StatPart_Trainable	part	state	pawn_other;thing	MiningSpeed;MiningYield	818d5638c5a1db13	stateval.StatPart_Trainable
StatPart_UnfinishedThingIngredientsMass	part	state	thing	Mass	6aff4e92003c9c61	stateval.StatPart_UnfinishedThingIngredientsMass
StatPart_WeaponTraitsMarketValueOffset	part	difficulty_gear	equipment;thing	MarketValue;MarketValueIgnoreHp	ea2a1d59275648c1	stateval.StatPart_WeaponTraitsMarketValueOffset
StatPart_WildManOffset	part	state	pawn_other;thing	MinimumHandlingSkill	6f29b4603edec174	stateval.StatPart_WildManOffset
StatPart_WorkTableOutdoors	part	state	map;room;thing	WorkTableWorkSpeedFactor	620b322b5059e048	stateval.StatPart_WorkTableOutdoors
StatPart_WorkTableRoomRole	part	state	room;thing	ResearchSpeedFactor;WorkTableWorkSpeedFactor	29b45c6af705fa36	stateval.StatPart_WorkTableRoomRole
StatPart_WorkTableTemperature	part	state	map;temperature;thing	ResearchSpeedFactor;WorkTableWorkSpeedFactor	adafbc83e6ddf98e	stateval.StatPart_WorkTableTemperature
StatPart_WorkTableUnpowered	part	state	thing	WorkTableWorkSpeedFactor	e064e1fb2db71619	stateval.StatPart_WorkTableUnpowered
StatPart_WornByCorpse	part	difficulty_gear	apparel;thing	MarketValue;MarketValueIgnoreHp	476fae6c15a9df60	stateval.StatPart_WornByCorpse
StatWorker_CaravanRidingSpeedFactor	worker	state	thing	CaravanRidingSpeedFactor	f7a09ffcaf5dc92b	stateval.StatWorker_CaravanRidingSpeedFactor
StatWorker_ColdContainmentBonus	worker	state	thing	ColdContainmentBonus	594ec97ab60c53b1	stateval.StatWorker_ColdContainmentBonus
StatWorker_ContainmentStrength	worker	state	room;thing	ContainmentStrength	a0ff70bfb6948e81	stateval.StatWorker_ContainmentStrength
StatWorker_ForagedNutritionPerDay	worker	state	pawn_other;thing	ForagedNutritionPerDay	12568eeba6543821	stateval.StatWorker_ForagedNutritionPerDay
StatWorker_LeatherAmount	worker	state	thing	LeatherAmount	fa28d929574a4c73	stateval.StatWorker_LeatherAmount
StatWorker_MarketValue	worker	state	pawn_other;thing	MarketValue;MarketValueIgnoreHp	1dd98f5a876de0bd	stateval.StatWorker_MarketValue
StatWorker_MaxPowerOutput	worker	data	none	PowerPlantMaxPowerOuput	1d0bc9b3e42f3116	stateval.StatWorker_MaxPowerOutput
StatWorker_MeatAmount	worker	state	pawn_other;thing	MeatAmount	ece3d6ac2f13e206	stateval.StatWorker_MeatAmount
StatWorker_MechEnergyLossPerHP	worker	data	none	MechEnergyLossPerHP	ecb5b7741ea66d7a	stateval.StatWorker_MechEnergyLossPerHP
StatWorker_Mechanitor	worker	state	pawn_other;thing	MechBandwidth;MechControlGroups;MechFormingSpeed;MechRemoteRepairDistance;MechRemoteShieldDistance;MechRemoteShieldEnergy;MechRepairSpeed;SubcoreEncodingSpeed	9867a53bd255e7b7	stateval.StatWorker_Mechanitor
StatWorker_MeleeArmorPenetration	worker	difficulty_gear	equipment;pawn_other;thing	MeleeArmorPenetration	f958817582e23f0a	stateval.StatWorker_MeleeArmorPenetration
StatWorker_MeleeAverageArmorPenetration	worker	difficulty_gear	equipment;pawn_other;thing	MeleeWeapon_AverageArmorPenetration	3ecf315713e96a8a	stateval.StatWorker_MeleeAverageArmorPenetration
StatWorker_MeleeAverageDPS	worker	difficulty_gear	apparel;equipment;pawn_health;pawn_other;thing	MeleeWeapon_AverageDPS	df274e691a79a699	stateval.StatWorker_MeleeAverageDPS
StatWorker_MeleeDPS	worker	difficulty_gear	equipment;pawn_other;thing	MeleeDPS	097eb50d36e05a54	stateval.StatWorker_MeleeDPS
StatWorker_MeleeDamageAmountTrap	worker	state	thing	TrapMeleeDamage	76ed8023580d2993	stateval.StatWorker_MeleeDamageAmountTrap
StatWorker_MinimumContainmentStrength	worker	state	thing	MinimumContainmentStrength	d90d2dbbeb3d9aad	stateval.StatWorker_MinimumContainmentStrength
StatWorker_MinimumHandlingSkill	worker	state	thing	MinimumHandlingSkill	ed80f59415737d8f	stateval.StatWorker_MinimumHandlingSkill
StatWorker_PossibleCompOffsets	worker	state	pawn_other;thing	MeditationFocusStrength	5fb74f7e634b95d3	stateval.StatWorker_PossibleCompOffsets
StatWorker_PsyfocusCost	worker	data	none	Ability_PsyfocusCost	aecbb5d7968a9448	stateval.StatWorker_PsyfocusCost
StatWorker_RoomReadingBonus	worker	data	none	RoomReadingBonus	5909cb5640b348c5	stateval.StatWorker_RoomReadingBonus
StatWorker_ShootingAccuracy	worker	state	thing	ShootingAccuracyPawn;ShootingAccuracyTurret	206c7c46923a235f	stateval.StatWorker_ShootingAccuracy
StatWorker_SuppressionFallRate	worker	state	pawn_needs;pawn_other;thing	SlaveSuppressionFallRate	e14c22f2d868f551	stateval.StatWorker_SuppressionFallRate
StatWorker_SurgerySuccessChanceFactor	worker	data	none	SurgerySuccessChanceFactor	ac3b4eef017b44b9	stateval.StatWorker_SurgerySuccessChanceFactor
StatWorker_Terror	worker	state	pawn_other;thing	Terror	54f36f3e7ada7c6d	stateval.StatWorker_Terror
StatWorker_VacuumResistance	worker	state	pawn_other;thing	VacuumResistance	ab0ef1fba25170be	stateval.StatWorker_VacuumResistance
StatWorker_Wildness	worker	state	pawn_other;thing	Wildness	d2d282f18448130b	stateval.StatWorker_Wildness
